-- phpMyAdmin SQL Dump
-- version 4.4.15.9
-- https://www.phpmyadmin.net
--
-- Host: localhost
-- Generation Time: Aug 05, 2017 at 02:28 PM
-- Server version: 5.6.35
-- PHP Version: 5.6.30

SET SQL_MODE = "NO_AUTO_VALUE_ON_ZERO";
SET time_zone = "+00:00";


/*!40101 SET @OLD_CHARACTER_SET_CLIENT=@@CHARACTER_SET_CLIENT */;
/*!40101 SET @OLD_CHARACTER_SET_RESULTS=@@CHARACTER_SET_RESULTS */;
/*!40101 SET @OLD_COLLATION_CONNECTION=@@COLLATION_CONNECTION */;
/*!40101 SET NAMES utf8mb4 */;

--
-- Database: `corenksnews`
--

-- --------------------------------------------------------

--
-- Table structure for table `analytics`
--

CREATE TABLE IF NOT EXISTS `analytics` (
  `id` int(10) unsigned NOT NULL,
  `user` varchar(128) COLLATE utf8mb4_unicode_ci NOT NULL,
  `object` varchar(64) COLLATE utf8mb4_unicode_ci NOT NULL,
  `object_id` int(11) NOT NULL,
  `action` varchar(64) COLLATE utf8mb4_unicode_ci NOT NULL,
  `description` text COLLATE utf8mb4_unicode_ci NOT NULL,
  `ip` varchar(45) COLLATE utf8mb4_unicode_ci NOT NULL,
  `browser` varchar(32) COLLATE utf8mb4_unicode_ci NOT NULL,
  `device` varchar(32) COLLATE utf8mb4_unicode_ci NOT NULL,
  `created_at` timestamp NULL DEFAULT NULL,
  `updated_at` timestamp NULL DEFAULT NULL,
  `deleted_at` timestamp NULL DEFAULT NULL
) ENGINE=InnoDB DEFAULT CHARSET=utf8mb4 COLLATE=utf8mb4_unicode_ci;

-- --------------------------------------------------------

--
-- Table structure for table `categories`
--

CREATE TABLE IF NOT EXISTS `categories` (
  `id` int(10) unsigned NOT NULL,
  `parent_id` int(10) unsigned DEFAULT NULL,
  `name` varchar(191) COLLATE utf8mb4_unicode_ci NOT NULL,
  `slug` varchar(191) COLLATE utf8mb4_unicode_ci NOT NULL,
  `created_at` timestamp NULL DEFAULT NULL,
  `updated_at` timestamp NULL DEFAULT NULL,
  `status` varchar(255) COLLATE utf8mb4_unicode_ci DEFAULT 'DRAFT',
  `pos` int(11) DEFAULT '1',
  `deleted_at` timestamp NULL DEFAULT NULL
) ENGINE=InnoDB AUTO_INCREMENT=13 DEFAULT CHARSET=utf8mb4 COLLATE=utf8mb4_unicode_ci;

--
-- Dumping data for table `categories`
--

INSERT INTO `categories` (`id`, `parent_id`, `name`, `slug`, `created_at`, `updated_at`, `status`, `pos`, `deleted_at`) VALUES
(1, NULL, 'Category 1', 'category-1', '2017-04-02 14:37:00', '2017-06-20 10:45:36', 'PUBLISHED', 1, NULL),
(2, NULL, 'Category 2', 'category-2', '2017-04-02 14:37:00', '2017-06-20 10:45:26', 'PUBLISHED', 1, NULL),
(6, 1, 'Editor', 'editor', '2017-04-17 12:08:27', '2017-04-17 12:08:27', 'PUBLISHED', 1, NULL),
(7, 9, 'Category 4', 'category-4', '2017-05-22 20:34:21', '2017-06-20 11:17:18', 'PUBLISHED', 1, NULL),
(8, NULL, 'Category3', 'category3', '2017-06-14 06:32:11', '2017-06-20 10:46:26', 'PUBLISHED', 1, NULL),
(9, 8, 'Category6', 'category6', '2017-06-14 07:34:24', '2017-06-20 10:45:46', 'PUBLISHED', 1, NULL),
(10, 7, 'test', 'test', '2017-06-20 12:11:57', '2017-06-20 12:11:57', 'PUBLISHED', NULL, NULL),
(11, NULL, 'Test thu lai', 'test-thu-lai', '2017-06-20 12:19:17', '2017-06-20 12:19:17', 'PUBLISHED', NULL, NULL),
(12, 6, 'test thu bai viet', 'test-thu-bai-viet', '2017-07-24 14:00:48', '2017-07-24 14:00:48', 'PUBLISHED', 1, NULL);

-- --------------------------------------------------------

--
-- Table structure for table `components`
--

CREATE TABLE IF NOT EXISTS `components` (
  `id` int(10) unsigned NOT NULL,
  `display_name` varchar(191) COLLATE utf8mb4_unicode_ci NOT NULL,
  `slug_name` varchar(191) COLLATE utf8mb4_unicode_ci NOT NULL,
  `options` text COLLATE utf8mb4_unicode_ci NOT NULL,
  `created_at` timestamp NULL DEFAULT NULL,
  `updated_at` timestamp NULL DEFAULT NULL,
  `deleted_at` timestamp NULL DEFAULT NULL
) ENGINE=InnoDB AUTO_INCREMENT=4 DEFAULT CHARSET=utf8mb4 COLLATE=utf8mb4_unicode_ci;

--
-- Dumping data for table `components`
--

INSERT INTO `components` (`id`, `display_name`, `slug_name`, `options`, `created_at`, `updated_at`, `deleted_at`) VALUES
(1, 'Posts', 'posts', '{"model":"posts","sort":{"status":"PENDING"},"colums":{"colum0":"id","colum1":"title","colum2":"status"},"row":"5"}', '2017-04-20 13:25:07', '2017-05-04 17:03:45', NULL),
(2, 'Users', 'users', '{"model":"users","colums":{"colum0":"id","colum1":"name","colum2":"email"}}', '2017-04-20 13:54:24', '2017-05-17 19:13:09', NULL),
(3, 'User activities', 'user-activities', '{"model":"user_activities","colums":{"colum0":"id","colum1":"user_ip","colum3":"action","column4":"object"},"row":"5"}', '2017-06-26 08:31:23', '2017-06-26 08:57:25', NULL);

-- --------------------------------------------------------

--
-- Table structure for table `data_rows`
--

CREATE TABLE IF NOT EXISTS `data_rows` (
  `id` int(10) unsigned NOT NULL,
  `data_type_id` int(10) unsigned NOT NULL,
  `field` varchar(191) COLLATE utf8mb4_unicode_ci NOT NULL,
  `type` varchar(191) COLLATE utf8mb4_unicode_ci NOT NULL,
  `display_name` varchar(191) COLLATE utf8mb4_unicode_ci NOT NULL,
  `required` tinyint(1) NOT NULL DEFAULT '0',
  `browse` tinyint(1) NOT NULL DEFAULT '1',
  `read` tinyint(1) NOT NULL DEFAULT '1',
  `edit` tinyint(1) NOT NULL DEFAULT '1',
  `add` tinyint(1) NOT NULL DEFAULT '1',
  `delete` tinyint(1) NOT NULL DEFAULT '1',
  `details` text COLLATE utf8mb4_unicode_ci
) ENGINE=InnoDB AUTO_INCREMENT=121 DEFAULT CHARSET=utf8mb4 COLLATE=utf8mb4_unicode_ci;

--
-- Dumping data for table `data_rows`
--

INSERT INTO `data_rows` (`id`, `data_type_id`, `field`, `type`, `display_name`, `required`, `browse`, `read`, `edit`, `add`, `delete`, `details`) VALUES
(13, 2, 'id', 'number', 'id', 1, 0, 0, 0, 0, 0, NULL),
(14, 2, 'author_id', 'text', 'author_id', 1, 0, 0, 0, 0, 0, NULL),
(15, 2, 'title', 'text', 'title', 1, 1, 1, 1, 1, 1, NULL),
(16, 2, 'excerpt', 'text_area', 'excerpt', 0, 0, 1, 1, 1, 1, NULL),
(17, 2, 'body', 'rich_text_box', 'body', 0, 0, 1, 1, 1, 1, NULL),
(18, 2, 'slug', 'text', 'slug', 1, 0, 1, 1, 1, 1, '{"slugify":{"origin":"title"}}'),
(19, 2, 'meta_description', 'text', 'meta_description', 0, 0, 1, 1, 1, 1, NULL),
(20, 2, 'meta_keywords', 'text', 'meta_keywords', 0, 0, 1, 1, 1, 1, NULL),
(21, 2, 'status', 'select_dropdown', 'status', 1, 1, 1, 1, 1, 1, '{"default":"INACTIVE","options":{"INACTIVE":"INACTIVE","ACTIVE":"ACTIVE"}}'),
(22, 2, 'created_at', 'timestamp', 'created_at', 0, 1, 1, 0, 0, 0, NULL),
(23, 2, 'updated_at', 'timestamp', 'updated_at', 0, 0, 0, 0, 0, 0, NULL),
(24, 2, 'image', 'image', 'image', 0, 1, 1, 1, 1, 1, NULL),
(25, 3, 'id', 'number', 'id', 1, 0, 0, 0, 0, 0, NULL),
(26, 3, 'name', 'text', 'name', 1, 1, 1, 1, 1, 1, NULL),
(27, 3, 'email', 'text', 'email', 1, 1, 1, 1, 1, 1, NULL),
(28, 3, 'password', 'password', 'password', 1, 0, 0, 1, 1, 0, NULL),
(29, 3, 'remember_token', 'text', 'remember_token', 0, 0, 0, 0, 0, 0, NULL),
(30, 3, 'created_at', 'timestamp', 'created_at', 0, 1, 1, 0, 0, 0, NULL),
(31, 3, 'updated_at', 'timestamp', 'updated_at', 0, 0, 0, 0, 0, 0, NULL),
(32, 3, 'avatar', 'image', 'avatar', 0, 1, 1, 1, 1, 1, NULL),
(33, 5, 'id', 'number', 'id', 1, 0, 0, 0, 0, 0, NULL),
(34, 5, 'name', 'text', 'name', 1, 1, 1, 1, 1, 1, NULL),
(35, 5, 'created_at', 'timestamp', 'created_at', 0, 0, 0, 0, 0, 0, NULL),
(36, 5, 'updated_at', 'timestamp', 'updated_at', 0, 0, 0, 0, 0, 0, NULL),
(37, 4, 'id', 'number', 'id', 1, 0, 0, 0, 0, 0, NULL),
(38, 4, 'parent_id', 'select_dropdown', 'parent_id', 0, 1, 1, 1, 1, 1, '{"default":"null","null":"null","options":{"null":"-- None --"},"relationship":{"key":"id","label":"name"}}'),
(40, 4, 'name', 'text', 'name', 1, 1, 1, 1, 1, 1, '{"validation":{"rule":"required|unique:categories"}}'),
(41, 4, 'slug', 'text', 'slug', 1, 1, 1, 1, 1, 1, '{"validation":{"rule":"required|unique:categories"}}'),
(42, 4, 'created_at', 'timestamp', 'created_at', 0, 0, 1, 0, 0, 0, NULL),
(43, 4, 'updated_at', 'timestamp', 'updated_at', 0, 0, 0, 0, 0, 0, NULL),
(44, 6, 'id', 'number', 'id', 1, 0, 0, 0, 0, 0, NULL),
(45, 6, 'name', 'text', 'Name', 1, 1, 1, 1, 1, 1, NULL),
(46, 6, 'created_at', 'timestamp', 'created_at', 0, 0, 0, 0, 0, 0, NULL),
(47, 6, 'updated_at', 'timestamp', 'updated_at', 0, 0, 0, 0, 0, 0, NULL),
(48, 6, 'display_name', 'text', 'Display Name', 1, 1, 1, 1, 1, 1, NULL),
(51, 3, 'role_id', 'text', 'role_id', 0, 1, 1, 1, 1, 1, NULL),
(60, 4, 'status', 'select_dropdown', 'Status', 0, 1, 1, 1, 1, 1, '{"default":"DRAFT","options":{"PUBLISHED":"published","DRAFT":"draft","PENDING":"pending"}}'),
(61, 4, 'pos', 'number', 'Pos', 0, 1, 1, 1, 1, 1, '{"default":1}'),
(62, 7, 'id', 'checkbox', 'Id', 1, 0, 0, 0, 0, 0, NULL),
(63, 7, 'title', 'text', 'Title', 1, 1, 1, 1, 1, 1, NULL),
(64, 7, 'body', 'rich_text_box', 'Body', 1, 1, 1, 1, 1, 1, NULL),
(65, 7, 'created_at', 'timestamp', 'Created At', 0, 1, 0, 0, 0, 1, NULL),
(66, 7, 'updated_at', 'timestamp', 'Updated At', 0, 0, 0, 1, 0, 0, NULL),
(70, 9, 'id', 'checkbox', 'Id', 1, 0, 0, 0, 0, 0, NULL),
(71, 9, 'display_name', 'text', 'Display Name', 1, 1, 1, 1, 1, 1, NULL),
(72, 9, 'slug_name', 'text', 'Slug Name', 1, 1, 1, 1, 1, 1, NULL),
(73, 9, 'options', 'text_area', 'Options', 1, 1, 1, 1, 1, 1, NULL),
(74, 9, 'created_at', 'timestamp', 'Created At', 0, 1, 1, 1, 0, 1, NULL),
(75, 9, 'updated_at', 'timestamp', 'Updated At', 0, 0, 0, 0, 0, 0, NULL),
(78, 1, 'id', 'number', 'Id', 1, 0, 0, 0, 0, 0, NULL),
(79, 1, 'author_id', 'number', 'Author Id', 1, 0, 1, 0, 0, 1, NULL),
(80, 1, 'category_id', 'select_dropdown', 'Category Id', 0, 1, 1, 1, 1, 1, '{"relationship":{"key":"id","label":"name"}}'),
(82, 1, 'entitle', 'text', 'Entitle', 1, 1, 1, 1, 1, 1, '{"validation":{"rule":"required|unique:posts"}}'),
(83, 1, 'seo_title', 'text', 'Seo Title', 0, 0, 1, 1, 1, 1, NULL),
(84, 1, 'excerpt', 'text_area', 'Excerpt', 1, 1, 1, 1, 1, 1, NULL),
(85, 1, 'body', 'rich_text_box', 'Body', 1, 0, 1, 1, 1, 1, NULL),
(86, 1, 'image', 'image', 'Image', 0, 1, 1, 1, 1, 1, '{}'),
(87, 1, 'slug', 'text', 'Slug', 1, 0, 1, 1, 1, 1, '{"slugify":{"origin":"title","forceUpdate":true}}'),
(88, 1, 'meta_description', 'text', 'Meta Description', 0, 0, 1, 1, 1, 1, NULL),
(89, 1, 'meta_keywords', 'text_area', 'Meta Keywords', 0, 0, 1, 1, 1, 1, NULL),
(90, 1, 'status', 'select_dropdown', 'Status', 1, 1, 1, 1, 1, 1, '{"default":"DRAFT","options":{"PUBLISHED":"published","DRAFT":"draft","PENDING":"pending"}}'),
(91, 1, 'featured', 'checkbox', 'Featured', 1, 0, 1, 1, 1, 1, NULL),
(92, 1, 'created_at', 'timestamp', 'Created At', 0, 1, 1, 1, 0, 1, NULL),
(93, 1, 'updated_at', 'timestamp', 'Updated At', 0, 0, 0, 0, 0, 0, NULL),
(94, 1, 'title', 'text', 'Title', 1, 1, 1, 1, 1, 1, '{"validation":{"rule":"required|unique:posts"}}'),
(95, 4, 'deleted_at', 'timestamp', 'Deleted At', 0, 0, 0, 0, 0, 1, NULL),
(96, 9, 'deleted_at', 'timestamp', 'Deleted At', 0, 0, 0, 0, 0, 1, NULL),
(97, 7, 'deleted_at', 'timestamp', 'Deleted At', 0, 0, 0, 0, 0, 1, NULL),
(98, 2, 'deleted_at', 'timestamp', 'Deleted At', 0, 0, 0, 0, 0, 1, NULL),
(99, 1, 'deleted_at', 'timestamp', 'Deleted At', 0, 0, 0, 0, 0, 1, NULL),
(100, 6, 'deleted_at', 'timestamp', 'Deleted At', 0, 0, 0, 0, 0, 1, NULL),
(101, 3, 'deleted_at', 'timestamp', 'Deleted At', 0, 0, 0, 0, 0, 1, NULL),
(102, 5, 'deleted_at', 'timestamp', 'Deleted At', 0, 0, 0, 0, 0, 1, NULL),
(103, 11, 'id', 'checkbox', 'Id', 1, 0, 0, 0, 0, 0, NULL),
(104, 11, 'user_id', 'select_dropdown', 'User Id', 1, 1, 1, 0, 0, 1, '{"relationship":{"key":"id","label":"name"}}'),
(105, 11, 'user_ip', 'text', 'User Ip', 1, 1, 1, 0, 0, 1, NULL),
(106, 11, 'action', 'text', 'Action', 1, 1, 1, 0, 0, 1, NULL),
(107, 11, 'object', 'text', 'Object', 0, 1, 1, 0, 0, 1, NULL),
(108, 11, 'object_id', 'number', 'Object Id', 0, 1, 1, 0, 0, 1, NULL),
(109, 11, 'description', 'text_area', 'Description', 0, 1, 1, 0, 0, 1, NULL),
(110, 11, 'browser', 'text', 'Browser', 0, 1, 1, 0, 0, 1, NULL),
(111, 11, 'device', 'text', 'Device', 0, 1, 1, 0, 0, 1, NULL),
(112, 11, 'seen', 'text_area', 'Seen', 0, 1, 1, 0, 0, 1, NULL),
(113, 11, 'created_at', 'timestamp', 'Created At', 0, 1, 0, 0, 0, 1, NULL),
(114, 11, 'updated_at', 'timestamp', 'Updated At', 0, 0, 0, 0, 0, 1, NULL),
(115, 11, 'deleted_at', 'timestamp', 'Deleted At', 0, 0, 0, 0, 0, 1, NULL),
(116, 12, 'id', 'checkbox', 'Id', 1, 0, 0, 0, 0, 0, NULL),
(117, 12, 'name', 'checkbox', 'Name', 1, 1, 1, 1, 1, 1, NULL),
(118, 12, 'email', 'checkbox', 'Email', 1, 1, 1, 1, 1, 1, NULL),
(119, 12, 'created_at', 'timestamp', 'Created At', 0, 0, 0, 0, 0, 0, NULL),
(120, 12, 'updated_at', 'timestamp', 'Updated At', 0, 0, 0, 0, 0, 0, NULL);

-- --------------------------------------------------------

--
-- Table structure for table `data_types`
--

CREATE TABLE IF NOT EXISTS `data_types` (
  `id` int(10) unsigned NOT NULL,
  `name` varchar(191) COLLATE utf8mb4_unicode_ci NOT NULL,
  `slug` varchar(191) COLLATE utf8mb4_unicode_ci NOT NULL,
  `display_name_singular` varchar(191) COLLATE utf8mb4_unicode_ci NOT NULL,
  `display_name_plural` varchar(191) COLLATE utf8mb4_unicode_ci NOT NULL,
  `icon` varchar(191) COLLATE utf8mb4_unicode_ci DEFAULT NULL,
  `model_name` varchar(191) COLLATE utf8mb4_unicode_ci DEFAULT NULL,
  `controller` varchar(191) COLLATE utf8mb4_unicode_ci DEFAULT NULL,
  `description` varchar(191) COLLATE utf8mb4_unicode_ci DEFAULT NULL,
  `generate_permissions` tinyint(1) NOT NULL DEFAULT '0',
  `server_side` tinyint(4) NOT NULL DEFAULT '0',
  `created_at` timestamp NULL DEFAULT NULL,
  `updated_at` timestamp NULL DEFAULT NULL
) ENGINE=InnoDB AUTO_INCREMENT=13 DEFAULT CHARSET=utf8mb4 COLLATE=utf8mb4_unicode_ci;

--
-- Dumping data for table `data_types`
--

INSERT INTO `data_types` (`id`, `name`, `slug`, `display_name_singular`, `display_name_plural`, `icon`, `model_name`, `controller`, `description`, `generate_permissions`, `server_side`, `created_at`, `updated_at`) VALUES
(1, 'posts', 'posts', 'Post', 'Posts', 'voyager-news', 'TCG\\Voyager\\Models\\Post', NULL, NULL, 1, 0, '2017-04-02 14:36:59', '2017-04-02 14:36:59'),
(2, 'pages', 'pages', 'Page', 'Pages', 'voyager-file-text', 'TCG\\Voyager\\Models\\Page', NULL, NULL, 1, 0, '2017-04-02 14:36:59', '2017-05-12 17:45:00'),
(3, 'users', 'users', 'User', 'Users', 'voyager-person', 'TCG\\Voyager\\Models\\User', NULL, NULL, 1, 0, '2017-04-02 14:36:59', '2017-05-12 17:45:18'),
(4, 'categories', 'categories', 'Category', 'Categories', 'voyager-categories', 'TCG\\Voyager\\Models\\Category', NULL, NULL, 1, 0, '2017-04-02 14:36:59', '2017-04-08 14:15:35'),
(5, 'menus', 'menus', 'Menu', 'Menus', 'voyager-list', 'TCG\\Voyager\\Models\\Menu', NULL, NULL, 1, 0, '2017-04-02 14:36:59', '2017-05-12 17:44:55'),
(6, 'roles', 'roles', 'Role', 'Roles', 'voyager-lock', 'TCG\\Voyager\\Models\\Role', NULL, NULL, 1, 0, '2017-04-02 14:36:59', '2017-05-12 17:45:13'),
(7, 'mail_templates', 'mail-templates', 'Mail Template', 'Mail Templates', NULL, 'App\\MailTemplate', NULL, NULL, 1, 0, '2017-04-17 13:29:28', '2017-04-17 13:29:28'),
(9, 'components', 'components', 'Component', 'Components', NULL, 'App\\Component', NULL, NULL, 1, 0, '2017-04-20 12:27:47', '2017-04-20 12:27:47'),
(11, 'user_activities', 'user-activities', 'User Activity', 'User Activities', NULL, 'App\\User_activity', NULL, NULL, 1, 0, '2017-06-27 08:16:40', '2017-06-27 08:16:40'),
(12, 'serversides', 'serversides', 'Serverside', 'Serversides', NULL, 'App\\Serverside', NULL, NULL, 1, 1, '2017-07-24 02:53:00', '2017-07-24 11:27:28');

-- --------------------------------------------------------

--
-- Table structure for table `mail_templates`
--

CREATE TABLE IF NOT EXISTS `mail_templates` (
  `id` int(10) unsigned NOT NULL,
  `title` varchar(191) COLLATE utf8mb4_unicode_ci NOT NULL,
  `body` longtext COLLATE utf8mb4_unicode_ci NOT NULL,
  `created_at` timestamp NULL DEFAULT NULL,
  `updated_at` timestamp NULL DEFAULT NULL,
  `deleted_at` timestamp NULL DEFAULT NULL
) ENGINE=InnoDB AUTO_INCREMENT=4 DEFAULT CHARSET=utf8mb4 COLLATE=utf8mb4_unicode_ci;

--
-- Dumping data for table `mail_templates`
--

INSERT INTO `mail_templates` (`id`, `title`, `body`, `created_at`, `updated_at`, `deleted_at`) VALUES
(1, 'Hello first email', '<!DOCTYPE html>\r\n<html>\r\n<head>\r\n</head>\r\n<body>\r\n<p>Wellcome to <strong>NKS</strong></p>\r\n<p>Hello</p>\r\n<div>Test lai mail lan nay nua thoi nha</div>\r\n</body>\r\n</html>', '2017-04-17 13:41:45', '2017-04-17 20:32:00', NULL),
(2, 'test 2', '<p>Chao mung ban den voi&nbsp;<strong>NKS</strong></p>', '2017-04-17 19:38:58', '2017-05-17 19:19:52', NULL),
(3, 'demo', '<!DOCTYPE html>\r\n<html>\r\n<head>\r\n</head>\r\n<body>\r\n<p>abc</p>\r\n</body>\r\n</html>', '2017-05-26 03:37:07', '2017-06-04 20:30:33', NULL);

-- --------------------------------------------------------

--
-- Table structure for table `menus`
--

CREATE TABLE IF NOT EXISTS `menus` (
  `id` int(10) unsigned NOT NULL,
  `name` varchar(191) COLLATE utf8mb4_unicode_ci NOT NULL,
  `created_at` timestamp NULL DEFAULT NULL,
  `updated_at` timestamp NULL DEFAULT NULL,
  `deleted_at` timestamp NULL DEFAULT NULL
) ENGINE=InnoDB AUTO_INCREMENT=2 DEFAULT CHARSET=utf8mb4 COLLATE=utf8mb4_unicode_ci;

--
-- Dumping data for table `menus`
--

INSERT INTO `menus` (`id`, `name`, `created_at`, `updated_at`, `deleted_at`) VALUES
(1, 'admin', '2017-04-02 14:37:00', '2017-04-02 14:37:00', NULL);

-- --------------------------------------------------------

--
-- Table structure for table `menu_items`
--

CREATE TABLE IF NOT EXISTS `menu_items` (
  `id` int(10) unsigned NOT NULL,
  `menu_id` int(10) unsigned DEFAULT NULL,
  `title` varchar(191) COLLATE utf8mb4_unicode_ci NOT NULL,
  `url` varchar(191) COLLATE utf8mb4_unicode_ci NOT NULL,
  `target` varchar(191) COLLATE utf8mb4_unicode_ci NOT NULL DEFAULT '_self',
  `icon_class` varchar(191) COLLATE utf8mb4_unicode_ci DEFAULT NULL,
  `color` varchar(191) COLLATE utf8mb4_unicode_ci DEFAULT NULL,
  `parent_id` int(11) DEFAULT NULL,
  `order` int(11) NOT NULL,
  `created_at` timestamp NULL DEFAULT NULL,
  `updated_at` timestamp NULL DEFAULT NULL,
  `route` varchar(191) COLLATE utf8mb4_unicode_ci DEFAULT NULL,
  `parameters` text COLLATE utf8mb4_unicode_ci
) ENGINE=InnoDB AUTO_INCREMENT=19 DEFAULT CHARSET=utf8mb4 COLLATE=utf8mb4_unicode_ci;

--
-- Dumping data for table `menu_items`
--

INSERT INTO `menu_items` (`id`, `menu_id`, `title`, `url`, `target`, `icon_class`, `color`, `parent_id`, `order`, `created_at`, `updated_at`, `route`, `parameters`) VALUES
(1, 1, 'Dashboard', '/admin', '_self', 'voyager-boat', NULL, NULL, 1, '2017-04-02 14:37:00', '2017-04-02 14:37:00', NULL, NULL),
(2, 1, 'Media', '/admin/media', '_self', 'voyager-images', NULL, NULL, 4, '2017-04-02 14:37:00', '2017-04-17 13:28:37', NULL, NULL),
(3, 1, 'Posts', '/admin/posts', '_self', 'voyager-news', NULL, NULL, 6, '2017-04-02 14:37:00', '2017-04-20 12:29:13', NULL, NULL),
(4, 1, 'Users', '/admin/users', '_self', 'voyager-person', NULL, NULL, 3, '2017-04-02 14:37:00', '2017-04-02 14:37:00', NULL, NULL),
(5, 1, 'Categories', '/admin/categories', '_self', 'voyager-categories', NULL, NULL, 8, '2017-04-02 14:37:00', '2017-05-13 03:58:00', NULL, NULL),
(6, 1, 'Pages', '/admin/pages', '_self', 'voyager-file-text', NULL, NULL, 7, '2017-04-02 14:37:00', '2017-04-20 12:29:13', NULL, NULL),
(7, 1, 'Roles', '/admin/roles', '_self', 'voyager-lock', NULL, NULL, 2, '2017-04-02 14:37:00', '2017-04-02 14:37:00', NULL, NULL),
(8, 1, 'Tools', '', '_self', 'voyager-tools', NULL, NULL, 11, '2017-04-02 14:37:00', '2017-06-14 08:28:08', NULL, NULL),
(9, 1, 'Menu Builder', '/admin/menus', '_self', 'voyager-list', NULL, 8, 1, '2017-04-02 14:37:00', '2017-04-17 13:28:37', NULL, NULL),
(10, 1, 'Database', '/admin/database', '_self', 'voyager-data', NULL, 8, 2, '2017-04-02 14:37:00', '2017-04-17 13:28:37', NULL, NULL),
(11, 1, 'Settings', '/admin/settings', '_self', 'voyager-settings', NULL, NULL, 12, '2017-04-02 14:37:00', '2017-06-14 08:28:08', NULL, NULL),
(12, 1, 'Mail Manager', '/admin/mail-templates', '_self', 'voyager-mail', '#000000', NULL, 5, '2017-04-17 13:28:33', '2017-04-20 12:29:13', NULL, ''),
(13, 1, 'Components', '/admin/components', '_self', 'voyager-paw', '#000000', 8, 3, '2017-04-20 12:29:09', '2017-04-20 12:29:13', NULL, ''),
(14, 1, 'Logs', '', '_self', 'voyager-bug', '#000000', NULL, 10, '2017-05-13 03:57:51', '2017-06-14 08:28:08', NULL, ''),
(15, 1, 'Error logs', '', '_self', 'voyager-rum-1', '#000000', 14, 1, '2017-05-13 03:59:07', '2017-05-13 04:00:07', 'voyager.logs.list', 'null'),
(16, 1, 'User activities', '/admin/user_activities', '_self', 'voyager-bell', '#000000', 14, 2, '2017-05-16 00:37:00', '2017-05-16 00:37:06', NULL, ''),
(18, 1, 'Serversides', '/admin/serversides', '_self', 'voyager-whale', '#000000', NULL, 13, '2017-07-24 02:53:40', '2017-07-24 02:53:40', NULL, '');

-- --------------------------------------------------------

--
-- Table structure for table `migrations`
--

CREATE TABLE IF NOT EXISTS `migrations` (
  `id` int(10) unsigned NOT NULL,
  `migration` varchar(191) COLLATE utf8mb4_unicode_ci NOT NULL,
  `batch` int(11) NOT NULL
) ENGINE=InnoDB AUTO_INCREMENT=26 DEFAULT CHARSET=utf8mb4 COLLATE=utf8mb4_unicode_ci;

--
-- Dumping data for table `migrations`
--

INSERT INTO `migrations` (`id`, `migration`, `batch`) VALUES
(1, '2014_10_12_000000_create_users_table', 1),
(2, '2014_10_12_100000_create_password_resets_table', 1),
(3, '2016_01_01_000000_add_voyager_user_fields', 1),
(4, '2016_01_01_000000_create_data_types_table', 1),
(5, '2016_01_01_000000_create_pages_table', 1),
(6, '2016_01_01_000000_create_posts_table', 1),
(7, '2016_02_15_204651_create_categories_table', 1),
(8, '2016_05_19_173453_create_menu_table', 1),
(9, '2016_10_21_190000_create_roles_table', 1),
(10, '2016_10_21_190000_create_settings_table', 1),
(11, '2016_11_30_135954_create_permission_table', 1),
(12, '2016_11_30_141208_create_permission_role_table', 1),
(13, '2016_12_26_201236_data_types__add__server_side', 1),
(14, '2017_01_13_000000_add_route_to_menu_items_table', 1),
(15, '2017_01_14_005015_create_translations_table', 1),
(16, '2017_01_15_000000_add_permission_group_id_to_permissions_table', 1),
(17, '2017_01_15_000000_create_permission_groups_table', 1),
(18, '2017_01_15_000000_make_table_name_nullable_in_permissions_table', 1),
(19, '2017_03_06_000000_add_controller_to_data_types_table', 1),
(20, '2017_04_18_031519_create_mail_templates_table', 2),
(21, '2017_04_21_020003_create_components_table', 3),
(22, '2017_05_16_101455_create_user_activities_table', 4),
(23, '2017_06_28_144311_create_analytics_table', 5),
(24, '2017_07_24_092951_create_serversides_table', 6),
(25, '2017_07_27_111845_create_memebers_table', 7);

-- --------------------------------------------------------

--
-- Table structure for table `pages`
--

CREATE TABLE IF NOT EXISTS `pages` (
  `id` int(10) unsigned NOT NULL,
  `author_id` int(11) NOT NULL,
  `title` varchar(191) COLLATE utf8mb4_unicode_ci NOT NULL,
  `excerpt` text COLLATE utf8mb4_unicode_ci,
  `body` text COLLATE utf8mb4_unicode_ci,
  `image` varchar(191) COLLATE utf8mb4_unicode_ci DEFAULT NULL,
  `slug` varchar(191) COLLATE utf8mb4_unicode_ci NOT NULL,
  `meta_description` text COLLATE utf8mb4_unicode_ci,
  `meta_keywords` text COLLATE utf8mb4_unicode_ci,
  `status` enum('ACTIVE','INACTIVE') COLLATE utf8mb4_unicode_ci NOT NULL DEFAULT 'INACTIVE',
  `created_at` timestamp NULL DEFAULT NULL,
  `updated_at` timestamp NULL DEFAULT NULL,
  `deleted_at` timestamp NULL DEFAULT NULL
) ENGINE=InnoDB AUTO_INCREMENT=2 DEFAULT CHARSET=utf8mb4 COLLATE=utf8mb4_unicode_ci;

--
-- Dumping data for table `pages`
--

INSERT INTO `pages` (`id`, `author_id`, `title`, `excerpt`, `body`, `image`, `slug`, `meta_description`, `meta_keywords`, `status`, `created_at`, `updated_at`, `deleted_at`) VALUES
(1, 1, 'Hello World', 'Hang the jib grog grog blossom grapple dance the hempen jig gangway pressgang bilge rat to go on account lugger. Nelsons folly gabion line draught scallywag fire ship gaff fluke fathom case shot. Sea Legs bilge rat sloop matey gabion long clothes run a shot across the bow Gold Road cog league.', '<p>Hello World. Scallywag grog swab Cat o''nine tails scuttle rigging hardtack cable nipper Yellow Jack. Handsomely spirits knave lad killick landlubber or just lubber deadlights chantey pinnace crack Jennys tea cup. Provost long clothes black spot Yellow Jack bilged on her anchor league lateen sail case shot lee tackle.</p>\r\n<p>Ballast spirits fluke topmast me quarterdeck schooner landlubber or just lubber gabion belaying pin. Pinnace stern galleon starboard warp carouser to go on account dance the hempen jig jolly boat measured fer yer chains. Man-of-war fire in the hole nipperkin handsomely doubloon barkadeer Brethren of the Coast gibbet driver squiffy.</p>', '/storage/pages/AAgCCnqHfLlRub9syUdw.jpg', 'hello-world', 'Yar Meta Description', 'Keyword1, Keyword2', 'ACTIVE', '2017-04-02 14:37:00', '2017-06-20 09:22:09', NULL);

-- --------------------------------------------------------

--
-- Table structure for table `password_resets`
--

CREATE TABLE IF NOT EXISTS `password_resets` (
  `email` varchar(191) COLLATE utf8mb4_unicode_ci NOT NULL,
  `token` varchar(191) COLLATE utf8mb4_unicode_ci NOT NULL,
  `created_at` timestamp NULL DEFAULT NULL
) ENGINE=InnoDB DEFAULT CHARSET=utf8mb4 COLLATE=utf8mb4_unicode_ci;

--
-- Dumping data for table `password_resets`
--

INSERT INTO `password_resets` (`email`, `token`, `created_at`) VALUES
('Salas2Tomato@gmail.com', 'PyZTksTltDKFnqB1mXmruDarKpG1wZJ9SYpZuf9g', '2017-05-04 11:47:45');

-- --------------------------------------------------------

--
-- Table structure for table `permissions`
--

CREATE TABLE IF NOT EXISTS `permissions` (
  `id` int(10) unsigned NOT NULL,
  `key` varchar(191) COLLATE utf8mb4_unicode_ci NOT NULL,
  `table_name` varchar(191) COLLATE utf8mb4_unicode_ci DEFAULT NULL,
  `created_at` timestamp NULL DEFAULT NULL,
  `updated_at` timestamp NULL DEFAULT NULL,
  `permission_group_id` int(10) unsigned DEFAULT NULL
) ENGINE=InnoDB AUTO_INCREMENT=72 DEFAULT CHARSET=utf8mb4 COLLATE=utf8mb4_unicode_ci;

--
-- Dumping data for table `permissions`
--

INSERT INTO `permissions` (`id`, `key`, `table_name`, `created_at`, `updated_at`, `permission_group_id`) VALUES
(1, 'browse_admin', NULL, '2017-04-02 14:37:00', '2017-04-02 14:37:00', NULL),
(2, 'browse_database', NULL, '2017-04-02 14:37:00', '2017-04-02 14:37:00', NULL),
(3, 'browse_media', NULL, '2017-04-02 14:37:00', '2017-04-02 14:37:00', NULL),
(4, 'browse_settings', NULL, '2017-04-02 14:37:00', '2017-04-02 14:37:00', NULL),
(5, 'browse_menus', 'menus', '2017-04-02 14:37:00', '2017-04-02 14:37:00', NULL),
(6, 'read_menus', 'menus', '2017-04-02 14:37:00', '2017-04-02 14:37:00', NULL),
(7, 'edit_menus', 'menus', '2017-04-02 14:37:00', '2017-04-02 14:37:00', NULL),
(8, 'add_menus', 'menus', '2017-04-02 14:37:00', '2017-04-02 14:37:00', NULL),
(9, 'delete_menus', 'menus', '2017-04-02 14:37:00', '2017-04-02 14:37:00', NULL),
(10, 'browse_pages', 'pages', '2017-04-02 14:37:00', '2017-04-02 14:37:00', NULL),
(11, 'read_pages', 'pages', '2017-04-02 14:37:00', '2017-04-02 14:37:00', NULL),
(12, 'edit_pages', 'pages', '2017-04-02 14:37:00', '2017-04-02 14:37:00', NULL),
(13, 'add_pages', 'pages', '2017-04-02 14:37:00', '2017-04-02 14:37:00', NULL),
(14, 'delete_pages', 'pages', '2017-04-02 14:37:00', '2017-04-02 14:37:00', NULL),
(15, 'browse_roles', 'roles', '2017-04-02 14:37:00', '2017-04-02 14:37:00', NULL),
(16, 'read_roles', 'roles', '2017-04-02 14:37:00', '2017-04-02 14:37:00', NULL),
(17, 'edit_roles', 'roles', '2017-04-02 14:37:00', '2017-04-02 14:37:00', NULL),
(18, 'add_roles', 'roles', '2017-04-02 14:37:00', '2017-04-02 14:37:00', NULL),
(19, 'delete_roles', 'roles', '2017-04-02 14:37:00', '2017-04-02 14:37:00', NULL),
(20, 'browse_users', 'users', '2017-04-02 14:37:00', '2017-04-02 14:37:00', NULL),
(21, 'read_users', 'users', '2017-04-02 14:37:00', '2017-04-02 14:37:00', NULL),
(22, 'edit_users', 'users', '2017-04-02 14:37:00', '2017-04-02 14:37:00', NULL),
(23, 'add_users', 'users', '2017-04-02 14:37:00', '2017-04-02 14:37:00', NULL),
(24, 'delete_users', 'users', '2017-04-02 14:37:00', '2017-04-02 14:37:00', NULL),
(30, 'browse_categories', 'categories', '2017-04-02 14:37:00', '2017-04-02 14:37:00', NULL),
(31, 'read_categories', 'categories', '2017-04-02 14:37:00', '2017-04-02 14:37:00', NULL),
(32, 'edit_categories', 'categories', '2017-04-02 14:37:00', '2017-04-02 14:37:00', NULL),
(33, 'add_categories', 'categories', '2017-04-02 14:37:00', '2017-04-02 14:37:00', NULL),
(34, 'delete_categories', 'categories', '2017-04-02 14:37:00', '2017-04-02 14:37:00', NULL),
(35, 'browse_mail_templates', 'mail_templates', '2017-04-17 13:29:29', '2017-04-17 13:29:29', NULL),
(36, 'read_mail_templates', 'mail_templates', '2017-04-17 13:29:29', '2017-04-17 13:29:29', NULL),
(37, 'edit_mail_templates', 'mail_templates', '2017-04-17 13:29:29', '2017-04-17 13:29:29', NULL),
(38, 'add_mail_templates', 'mail_templates', '2017-04-17 13:29:29', '2017-04-17 13:29:29', NULL),
(39, 'delete_mail_templates', 'mail_templates', '2017-04-17 13:29:29', '2017-04-17 13:29:29', NULL),
(40, 'browse_components', 'components', '2017-04-20 12:27:47', '2017-04-20 12:27:47', NULL),
(41, 'read_components', 'components', '2017-04-20 12:27:47', '2017-04-20 12:27:47', NULL),
(42, 'edit_components', 'components', '2017-04-20 12:27:47', '2017-04-20 12:27:47', NULL),
(43, 'add_components', 'components', '2017-04-20 12:27:47', '2017-04-20 12:27:47', NULL),
(44, 'delete_components', 'components', '2017-04-20 12:27:47', '2017-04-20 12:27:47', NULL),
(45, 'browse_posts', 'posts', '2017-05-04 15:04:52', '2017-05-04 15:04:52', NULL),
(46, 'read_posts', 'posts', '2017-05-04 15:04:52', '2017-05-04 15:04:52', NULL),
(47, 'edit_posts', 'posts', '2017-05-04 15:04:52', '2017-05-04 15:04:52', NULL),
(48, 'add_posts', 'posts', '2017-05-04 15:04:52', '2017-05-04 15:04:52', NULL),
(49, 'delete_posts', 'posts', '2017-05-04 15:04:52', '2017-05-04 15:04:52', NULL),
(50, 'browse_only_user_id_posts', 'posts', '2017-05-12 17:08:15', '2017-05-12 17:08:15', NULL),
(51, 'browse_only_user_id_mail_templates', 'mail_templates', '2017-05-12 17:18:57', '2017-05-12 17:18:57', NULL),
(52, 'browse_only_user_id_categories', 'categories', '2017-05-12 17:44:41', '2017-05-12 17:44:41', NULL),
(53, 'browse_only_user_id_components', 'components', '2017-05-12 17:44:46', '2017-05-12 17:44:46', NULL),
(54, 'browse_only_user_id_menus', 'menus', '2017-05-12 17:44:55', '2017-05-12 17:44:55', NULL),
(55, 'browse_only_user_id_pages', 'pages', '2017-05-12 17:45:00', '2017-05-12 17:45:00', NULL),
(56, 'browse_only_user_id_roles', 'roles', '2017-05-12 17:45:13', '2017-05-12 17:45:13', NULL),
(57, 'browse_only_user_id_users', 'users', '2017-05-12 17:45:18', '2017-05-12 17:45:18', NULL),
(58, 'browse_logs', NULL, '2017-05-13 10:00:00', '2017-05-13 10:00:00', NULL),
(59, 'browse_user_activities', 'user_activities', '2017-05-15 10:00:00', '2017-05-15 10:00:00', NULL),
(60, 'delete_user_activities', 'user_activities', '2017-05-15 10:00:00', '2017-05-15 10:00:00', NULL),
(61, 'show_notification', NULL, '2017-05-18 10:00:00', '2017-05-18 10:00:00', NULL),
(62, 'browse_only_user_id_user_activities', 'user_activities', '2017-06-27 08:16:40', '2017-06-27 08:16:40', NULL),
(63, 'read_user_activities', 'user_activities', '2017-06-27 08:16:40', '2017-06-27 08:16:40', NULL),
(64, 'edit_user_activities', 'user_activities', '2017-06-27 08:16:40', '2017-06-27 08:16:40', NULL),
(65, 'add_user_activities', 'user_activities', '2017-06-27 08:16:40', '2017-06-27 08:16:40', NULL),
(66, 'browse_serversides', 'serversides', '2017-07-24 02:53:00', '2017-07-24 02:53:00', NULL),
(67, 'browse_only_user_id_serversides', 'serversides', '2017-07-24 02:53:00', '2017-07-24 02:53:00', NULL),
(68, 'read_serversides', 'serversides', '2017-07-24 02:53:00', '2017-07-24 02:53:00', NULL),
(69, 'edit_serversides', 'serversides', '2017-07-24 02:53:00', '2017-07-24 02:53:00', NULL),
(70, 'add_serversides', 'serversides', '2017-07-24 02:53:00', '2017-07-24 02:53:00', NULL),
(71, 'delete_serversides', 'serversides', '2017-07-24 02:53:00', '2017-07-24 02:53:00', NULL);

-- --------------------------------------------------------

--
-- Table structure for table `permission_groups`
--

CREATE TABLE IF NOT EXISTS `permission_groups` (
  `id` int(10) unsigned NOT NULL,
  `name` varchar(191) COLLATE utf8mb4_unicode_ci NOT NULL
) ENGINE=InnoDB DEFAULT CHARSET=utf8mb4 COLLATE=utf8mb4_unicode_ci;

-- --------------------------------------------------------

--
-- Table structure for table `permission_role`
--

CREATE TABLE IF NOT EXISTS `permission_role` (
  `permission_id` int(10) unsigned NOT NULL,
  `role_id` int(10) unsigned NOT NULL
) ENGINE=InnoDB DEFAULT CHARSET=utf8mb4 COLLATE=utf8mb4_unicode_ci;

--
-- Dumping data for table `permission_role`
--

INSERT INTO `permission_role` (`permission_id`, `role_id`) VALUES
(1, 1),
(1, 2),
(1, 3),
(2, 1),
(3, 1),
(3, 2),
(4, 1),
(4, 2),
(5, 1),
(5, 2),
(6, 1),
(6, 2),
(7, 1),
(7, 2),
(8, 1),
(8, 2),
(9, 1),
(9, 2),
(10, 1),
(10, 2),
(11, 1),
(11, 2),
(12, 1),
(12, 2),
(13, 1),
(13, 2),
(14, 1),
(14, 2),
(15, 1),
(15, 2),
(16, 1),
(16, 2),
(17, 1),
(17, 2),
(18, 1),
(18, 2),
(19, 1),
(19, 2),
(20, 1),
(20, 2),
(21, 1),
(21, 2),
(22, 1),
(22, 2),
(22, 3),
(23, 1),
(23, 2),
(24, 1),
(24, 2),
(30, 1),
(30, 2),
(31, 1),
(31, 2),
(32, 1),
(32, 2),
(33, 1),
(33, 2),
(34, 1),
(34, 2),
(35, 1),
(35, 2),
(36, 1),
(36, 2),
(37, 1),
(37, 2),
(38, 1),
(38, 2),
(39, 1),
(39, 2),
(40, 1),
(40, 2),
(41, 1),
(41, 2),
(42, 1),
(42, 2),
(43, 1),
(43, 2),
(44, 1),
(44, 2),
(45, 1),
(45, 2),
(45, 3),
(46, 1),
(46, 2),
(46, 3),
(47, 1),
(47, 2),
(47, 3),
(48, 1),
(48, 2),
(48, 3),
(49, 1),
(49, 2),
(49, 3),
(50, 3),
(58, 1),
(59, 1),
(60, 1),
(61, 1),
(66, 1),
(68, 1),
(69, 1),
(70, 1),
(71, 1);

-- --------------------------------------------------------

--
-- Table structure for table `posts`
--

CREATE TABLE IF NOT EXISTS `posts` (
  `id` int(10) unsigned NOT NULL,
  `author_id` int(11) NOT NULL,
  `category_id` int(11) DEFAULT NULL,
  `title` varchar(191) COLLATE utf8mb4_unicode_ci NOT NULL,
  `entitle` varchar(191) COLLATE utf8mb4_unicode_ci NOT NULL,
  `seo_title` varchar(191) COLLATE utf8mb4_unicode_ci DEFAULT NULL,
  `excerpt` text COLLATE utf8mb4_unicode_ci NOT NULL,
  `body` text COLLATE utf8mb4_unicode_ci NOT NULL,
  `image` varchar(191) COLLATE utf8mb4_unicode_ci DEFAULT NULL,
  `slug` varchar(191) COLLATE utf8mb4_unicode_ci NOT NULL,
  `meta_description` text COLLATE utf8mb4_unicode_ci,
  `meta_keywords` text COLLATE utf8mb4_unicode_ci,
  `status` enum('PUBLISHED','DRAFT','PENDING') COLLATE utf8mb4_unicode_ci NOT NULL DEFAULT 'DRAFT',
  `featured` tinyint(1) NOT NULL DEFAULT '0',
  `created_at` timestamp NULL DEFAULT NULL,
  `updated_at` timestamp NULL DEFAULT NULL,
  `deleted_at` timestamp NULL DEFAULT NULL
) ENGINE=InnoDB AUTO_INCREMENT=11 DEFAULT CHARSET=utf8mb4 COLLATE=utf8mb4_unicode_ci;

--
-- Dumping data for table `posts`
--

INSERT INTO `posts` (`id`, `author_id`, `category_id`, `title`, `entitle`, `seo_title`, `excerpt`, `body`, `image`, `slug`, `meta_description`, `meta_keywords`, `status`, `featured`, `created_at`, `updated_at`, `deleted_at`) VALUES
(2, 1, 3, 'Nuôi heo 4 triệu bán 2 triệu đồng', 'Pig 4 million sold 2 million', 'Nuôi heo 4 triệu bán 2 triệu đồng', 'This is the excerpt for the sample Post', '<p>&nbsp;</p>\r\n<p>This is the body for the sample post, which includes the body.</p>\r\n<h2>We can use all kinds of format!</h2>\r\n<p>And include a bunch of other stuff.</p>', '/storage/posts/7uelXHi85YOfZKsoS6Tq.jpg', 'nuoi-heo-4-trieu-ban-2-trieu-dong', 'Meta Description for sample post', 'keyword1, keyword2, keyword3', 'PUBLISHED', 0, '2017-04-02 14:37:00', '2017-05-04 16:54:59', NULL),
(3, 1, 4, 'Tin tức cuối cùng', 'Latest Post', 'Tin tức cuối cùng', 'This is the excerpt for the latest post', '<p>&nbsp;</p>\r\n<p>This is the body for the latest post</p>', '/storage/posts/9txUSY6wb7LTBSbDPrD9.jpg', 'tin-tuc-cuoi-cung', 'This is the meta description', 'keyword1, keyword2, keyword3', 'PUBLISHED', 0, '2017-04-02 14:37:00', '2017-05-04 16:55:40', NULL),
(4, 1, 1, 'Bài viết hay', 'Yarr Post', 'Bài viết hay', 'Reef sails nipperkin bring a spring upon her cable coffer jury mast spike marooned Pieces of Eight poop deck pillage. Clipper driver coxswain galleon hempen halter come about pressgang gangplank boatswain swing the lead. Nipperkin yard skysail swab lanyard Blimey bilge water ho quarter Buccaneer.', '<p>&nbsp;</p>\r\n<p>Swab deadlights Buccaneer fire ship square-rigged dance the hempen jig weigh anchor cackle fruit grog furl. Crack Jennys tea cup chase guns pressgang hearties spirits hogshead Gold Road six pounders fathom measured fer yer chains. Main sheet provost come about trysail barkadeer crimp scuttle mizzenmast brig plunder.</p>\r\n<p>Mizzen league keelhaul galleon tender cog chase Barbary Coast doubloon crack Jennys tea cup. Blow the man down lugsail fire ship pinnace cackle fruit line warp Admiral of the Black strike colors doubloon. Tackle Jack Ketch come about crimp rum draft scuppers run a shot across the bow haul wind maroon.</p>\r\n<p>Interloper heave down list driver pressgang holystone scuppers tackle scallywag bilged on her anchor. Jack Tar interloper draught grapple mizzenmast hulk knave cable transom hogshead. Gaff pillage to go on account grog aft chase guns piracy yardarm knave clap of thunder.</p>', '/storage/posts/yuk1fBwmKKZdY2qR1ZKM.jpg', 'bai-viet-hay', 'this be a meta descript', 'keyword1, keyword2, keyword3', 'PUBLISHED', 0, '2017-04-02 14:37:00', '2017-05-04 16:55:59', NULL),
(6, 1, 1, 'Vỉa hè trung tâm Sài Gòn bị tái chiếm', 'The sidewalks of Saigon Center were recaptured', NULL, 'Một loạt tuyến đường ở quận 1, TP HCM, bị ôtô và hàng quán chiếm dụng vỉa hè sau khi đoàn liên ngành dừng chấn chỉnh trật tự đô thị, giao các phường tự xử lý.', '<div class="title_news">\r\n<h1>&nbsp;</h1>\r\n</div>\r\n<div class="width_common space_bottom_20">\r\n<div class="block_content_slide_showdetail block_ads_connect">\r\n<div id="article_content">\r\n<div class="item_slide_show">\r\n<div class="block_thumb_slide_show"><img id="vne_slide_image_0" class="left" src="http://img.f30.vnecdn.net/2017/05/05/tai-chiem-vua-he-1-ok_680x0.jpg" data-reference-id="24764363" data-component-caption="&lt;p class=" /> Sau một th&aacute;ng đo&agrave;n li&ecirc;n ng&agrave;nh quận 1 dừng chấn chỉnh lấn chiếm vỉa h&egrave; để c&aacute;c phường tự thực hiện, nhiều khu vực xuất hiện t&igrave;nh trạng t&aacute;i lấn chiếm. Trong ảnh, 2 &ocirc;t&ocirc; biển xanh đậu tr&ecirc;n vỉa h&egrave; đối diện số 1 Nam Kỳ Khởi Nghĩa (phường Nguyễn Th&aacute;i B&igrave;nh) trong nhiều giờ." /&gt;<a class="btn_icon_show_slide_show">&nbsp;</a></div>\r\n<div class="desc_cation">\r\n<p class="Normal">Sau một th&aacute;ng đo&agrave;n li&ecirc;n ng&agrave;nh quận 1 dừng chấn chỉnh lấn chiếm vỉa h&egrave; để c&aacute;c phường tự thực hiện, nhiều khu vực xuất hiện t&igrave;nh trạng t&aacute;i lấn chiếm. Trong ảnh, 2 &ocirc;t&ocirc; biển xanh đậu tr&ecirc;n vỉa h&egrave; đối diện số 1 Nam Kỳ Khởi Nghĩa (phường Nguyễn Th&aacute;i B&igrave;nh) trong nhiều giờ.</p>\r\n</div>\r\n<div class="clear">&nbsp;</div>\r\n</div>\r\n<div class="item_slide_show">\r\n<div class="block_thumb_slide_show"><img id="vne_slide_image_1" class="left" src="http://img.f29.vnecdn.net/2017/05/04/2-1493915294_680x0.jpg" data-reference-id="24764364" data-component-caption="&lt;p class=" /> Cũng tại phường n&agrave;y, khu vực xung quanh Bảo t&agrave;ng Mỹ Thuật đầy rẫy h&agrave;ng ăn, tiệm đồng hồ, mũ bảo hiểm... thoải m&aacute;i bu&ocirc;n b&aacute;n tr&ecirc;n vỉa h&egrave;." /&gt;<a class="btn_icon_show_slide_show">&nbsp;</a></div>\r\n<div class="desc_cation">\r\n<p class="Normal">Cũng tại phường n&agrave;y, khu vực xung quanh Bảo t&agrave;ng Mỹ Thuật đầy rẫy h&agrave;ng ăn, tiệm đồng hồ, mũ bảo hiểm... thoải m&aacute;i bu&ocirc;n b&aacute;n tr&ecirc;n vỉa h&egrave;.</p>\r\n</div>\r\n<div class="clear">&nbsp;</div>\r\n</div>\r\n<div class="item_slide_show">\r\n<div class="block_thumb_slide_show"><img id="vne_slide_image_2" class="left" src="http://img.f31.vnecdn.net/2017/05/04/3-1493915036_680x0.jpg" data-reference-id="24764365" data-component-caption="&lt;p class=" /> Việc bu&ocirc;n b&aacute;n k&eacute;o d&agrave;i ở mặt đường Nguyễn Th&aacute;i B&igrave;nh, Ph&oacute; Đức Ch&iacute;nh nhưng kh&ocirc;ng bị lực lượng chức năng nhắc nhở d&ugrave; chỉ c&aacute;ch UBND phường khoảng 300 m." /&gt;<a class="btn_icon_show_slide_show">&nbsp;</a></div>\r\n<div class="desc_cation">\r\n<p class="Normal">Việc bu&ocirc;n b&aacute;n k&eacute;o d&agrave;i ở mặt đường Nguyễn Th&aacute;i B&igrave;nh, Ph&oacute; Đức Ch&iacute;nh nhưng kh&ocirc;ng bị lực lượng chức năng nhắc nhở d&ugrave; chỉ c&aacute;ch UBND phường khoảng 300 m.</p>\r\n</div>\r\n<div class="clear">&nbsp;</div>\r\n</div>\r\n<div class="item_slide_show">\r\n<div class="block_thumb_slide_show"><img id="vne_slide_image_3" class="left" src="http://img.f31.vnecdn.net/2017/05/05/tai-chiem-vua-he-2-ok_680x0.jpg" data-reference-id="24764366" data-component-caption="&lt;p class=" /> T&igrave;nh trạng &ocirc;t&ocirc; đậu tr&ecirc;n vỉa h&egrave; diễn ra ở kh&aacute; nhiều tuyến đường, t&agrave;i xế đ&oacute;ng cửa bỏ đi nơi kh&aacute;c. Trong ảnh l&agrave; chiếc BMW chiếm hết vỉa h&egrave; đường Hồ Hảo Hớn thuộc phường C&ocirc; Giang." /&gt;<a class="btn_icon_show_slide_show">&nbsp;</a></div>\r\n<div class="desc_cation">\r\n<p class="Normal">T&igrave;nh trạng &ocirc;t&ocirc; đậu tr&ecirc;n vỉa h&egrave; diễn ra ở kh&aacute; nhiều tuyến đường, t&agrave;i xế đ&oacute;ng cửa bỏ đi nơi kh&aacute;c. Trong ảnh l&agrave; chiếc BMW chiếm hết vỉa h&egrave; đường Hồ Hảo Hớn thuộc phường C&ocirc; Giang.</p>\r\n</div>\r\n<div class="clear">&nbsp;</div>\r\n</div>\r\n<div class="item_slide_show">\r\n<div class="block_thumb_slide_show"><img id="vne_slide_image_4" class="left" src="http://img.f29.vnecdn.net/2017/05/05/tai-chiem-vua-he-3-ok_680x0.jpg" data-reference-id="24764367" data-component-caption="&lt;p class=" /> Nhiều &ocirc;t&ocirc; d&ugrave;ng "chi&ecirc;u" bật đ&egrave;n nhấp nh&aacute;y, mở cốp sau l&uacute;c đậu tại khu vực cấm dừng, cấm đỗ để đối ph&oacute; lực lượng chức năng c&oacute; thể bất ngờ kiểm tra. Trong ảnh l&agrave; xe biển xanh của tỉnh Ki&ecirc;n Giang đậu hơn 30 ph&uacute;t tr&ecirc;n đường Nguyễn Th&aacute;i B&igrave;nh c&oacute; biển cấm đỗ. T&agrave;i xế kh&ocirc;ng c&oacute; trong xe, kiếng b&ecirc;n h&ocirc;ng cũng được gấp lại." /&gt;<a class="btn_icon_show_slide_show">&nbsp;</a></div>\r\n<div class="desc_cation">\r\n<p class="Normal">Nhiều &ocirc;t&ocirc; d&ugrave;ng "chi&ecirc;u" bật đ&egrave;n nhấp nh&aacute;y, mở cốp sau l&uacute;c đậu tại khu vực cấm dừng, cấm đỗ để đối ph&oacute; lực lượng chức năng c&oacute; thể bất ngờ kiểm tra. Trong ảnh l&agrave; xe biển xanh của tỉnh Ki&ecirc;n Giang đậu hơn 30 ph&uacute;t tr&ecirc;n đường Nguyễn Th&aacute;i B&igrave;nh c&oacute; biển cấm đỗ. T&agrave;i xế kh&ocirc;ng c&oacute; trong xe, kiếng b&ecirc;n h&ocirc;ng cũng được gấp lại.</p>\r\n</div>\r\n<div class="clear">&nbsp;</div>\r\n</div>\r\n<div class="item_slide_show">\r\n<div class="block_thumb_slide_show"><img id="vne_slide_image_5" class="left" src="http://img.f31.vnecdn.net/2017/05/04/5-1493915045_680x0.jpg" data-reference-id="24764368" data-component-caption="&lt;p class=" /> T&igrave;nh trạng t&aacute;i chiếm vỉa h&egrave; diễn ra nghi&ecirc;m trọng nhất l&uacute;c S&agrave;i G&ograve;n l&ecirc;n đ&egrave;n. Tại c&aacute;c tuyến đường c&oacute; nhiều qu&aacute;n nhậu, b&agrave;n ghế ngang nhi&ecirc;n được b&agrave;y tr&ecirc;n vỉa h&egrave; để thực kh&aacute;ch ăn uống. Trong ảnh l&agrave; qu&aacute;n nhậu tr&ecirc;n đường Ho&agrave;ng Sa, phường T&acirc;n Định.\r\n<p class="Normal">"Thời gian gần đ&acirc;y lực lượng đ&ocirc; thị cũng bớt kiểm tra. Kh&aacute;ch ưa ngồi ngo&agrave;i h&oacute;ng m&aacute;t, nh&igrave;n ngắm phố phường xe cộ n&ecirc;n ch&uacute;ng t&ocirc;i đ&aacute;nh liều b&agrave;y dưới vỉa h&egrave;", một chủ qu&aacute;n khu n&agrave;y cho biết.</p>\r\n" /&gt;<a class="btn_icon_show_slide_show">&nbsp;</a></div>\r\n<div class="desc_cation">\r\n<p class="Normal">T&igrave;nh trạng t&aacute;i chiếm vỉa h&egrave; diễn ra nghi&ecirc;m trọng nhất l&uacute;c S&agrave;i G&ograve;n l&ecirc;n đ&egrave;n. Tại c&aacute;c tuyến đường c&oacute; nhiều qu&aacute;n nhậu, b&agrave;n ghế ngang nhi&ecirc;n được b&agrave;y tr&ecirc;n vỉa h&egrave; để thực kh&aacute;ch ăn uống. Trong ảnh l&agrave; qu&aacute;n nhậu tr&ecirc;n đường Ho&agrave;ng Sa, phường T&acirc;n Định.</p>\r\n<p class="Normal">"Thời gian gần đ&acirc;y lực lượng đ&ocirc; thị cũng bớt kiểm tra. Kh&aacute;ch ưa ngồi ngo&agrave;i h&oacute;ng m&aacute;t, nh&igrave;n ngắm phố phường xe cộ n&ecirc;n ch&uacute;ng t&ocirc;i đ&aacute;nh liều b&agrave;y dưới vỉa h&egrave;", một chủ qu&aacute;n khu n&agrave;y cho biết.</p>\r\n</div>\r\n<div class="clear">&nbsp;</div>\r\n</div>\r\n<div class="item_slide_show">\r\n<div class="block_thumb_slide_show"><img id="vne_slide_image_6" class="left" src="http://img.f29.vnecdn.net/2017/05/04/7-1493915049_680x0.jpg" data-reference-id="24764369" data-component-caption="&lt;p class=" /> Xe của thực kh&aacute;ch cũng được c&aacute;c qu&aacute;n dựng chắn hết lối của người đi bộ. "Hơn th&aacute;ng trước, l&uacute;c quận 1 l&agrave;m căng mấy vụ chiếm vỉa h&egrave; họ cũng d&egrave; chừng, &iacute;t b&agrave;y xe. Hiện, mỗi tối đi bộ thể dục ch&uacute;ng t&ocirc;i to&agrave;n phải xuống l&ograve;ng đường v&igrave; xe m&aacute;y chắn hết vỉa h&egrave; rồi. Cố len giữa đống xe th&igrave; nh&acirc;n vi&ecirc;n qu&aacute;n n&eacute;m cho c&aacute;i nh&igrave;n kh&oacute; chịu", &ocirc;ng Phan C&ocirc;ng (63 tuổi) ngụ phường T&acirc;n Định n&oacute;i." /&gt;<a class="btn_icon_show_slide_show">&nbsp;</a></div>\r\n<div class="desc_cation">\r\n<p class="Normal">Xe của thực kh&aacute;ch cũng được c&aacute;c qu&aacute;n dựng chắn hết lối của người đi bộ. "Hơn th&aacute;ng trước, l&uacute;c quận 1 l&agrave;m căng mấy vụ chiếm vỉa h&egrave; họ cũng d&egrave; chừng, &iacute;t b&agrave;y xe. Hiện, mỗi tối đi bộ thể dục ch&uacute;ng t&ocirc;i to&agrave;n phải xuống l&ograve;ng đường v&igrave; xe m&aacute;y chắn hết vỉa h&egrave; rồi. Cố len giữa đống xe th&igrave; nh&acirc;n vi&ecirc;n qu&aacute;n n&eacute;m cho c&aacute;i nh&igrave;n kh&oacute; chịu", &ocirc;ng Phan C&ocirc;ng (63 tuổi) ngụ phường T&acirc;n Định n&oacute;i.</p>\r\n</div>\r\n<div class="clear">&nbsp;</div>\r\n</div>\r\n<div class="item_slide_show">\r\n<div class="block_thumb_slide_show"><img id="vne_slide_image_7" class="left" src="http://img.f30.vnecdn.net/2017/05/05/tai-chiem-vua-he-4-ok_680x0.jpg" data-reference-id="24764370" data-component-caption="&lt;p class=" /> &Ocirc;t&ocirc; n&agrave;y đậu nhiều giờ cạnh qu&aacute;n nhậu tr&ecirc;n đường Trần Cao V&acirc;n, phường Đa Kao.\r\n<p class="Normal">Sau đợt ra qu&acirc;n h&ocirc;m 4/4, đo&agrave;n li&ecirc;n ng&agrave;nh quận 1 tạm dừng xử l&yacute; để c&aacute;c phường tự thực hiện sau chỉ đạo của Th&agrave;nh ủy - giao tr&aacute;ch nhiệm cho người đứng đầu c&aacute;c phường. Đề cập đến việc vỉa h&egrave; bị t&aacute;i chiếm, một số l&atilde;nh đạo phường của quận 1 n&eacute; tr&aacute;nh, số c&ograve;n lại khẳng định tổ c&ocirc;ng t&aacute;c vẫn thường xuy&ecirc;n đi kiểm tra, nhắc nhở nhưng do lực lượng "mỏng" kh&ocirc;ng thể bao qu&aacute;t hết.</p>\r\n" /&gt;<a class="btn_icon_show_slide_show">&nbsp;</a></div>\r\n<div class="desc_cation">\r\n<p class="Normal">&Ocirc;t&ocirc; n&agrave;y đậu nhiều giờ cạnh qu&aacute;n nhậu tr&ecirc;n đường Trần Cao V&acirc;n, phường Đa Kao.</p>\r\n<p class="Normal">Sau đợt ra qu&acirc;n h&ocirc;m 4/4, đo&agrave;n li&ecirc;n ng&agrave;nh quận 1 tạm dừng xử l&yacute; để c&aacute;c phường tự thực hiện sau chỉ đạo của Th&agrave;nh ủy - giao tr&aacute;ch nhiệm cho người đứng đầu c&aacute;c phường. Đề cập đến việc vỉa h&egrave; bị t&aacute;i chiếm, một số l&atilde;nh đạo phường của quận 1 n&eacute; tr&aacute;nh, số c&ograve;n lại khẳng định tổ c&ocirc;ng t&aacute;c vẫn thường xuy&ecirc;n đi kiểm tra, nhắc nhở nhưng do lực lượng "mỏng" kh&ocirc;ng thể bao qu&aacute;t hết.</p>\r\n</div>\r\n<div class="clear">&nbsp;</div>\r\n</div>\r\n<div class="item_slide_show">\r\n<div class="block_thumb_slide_show"><img id="vne_slide_image_8" class="left" src="http://img.f30.vnecdn.net/2017/05/04/10-1493915055_680x0.jpg" data-reference-id="24764371" data-component-caption="&lt;p class=" /> Lấy tư c&aacute;ch l&agrave; người d&acirc;n TP HCM, &ocirc;ng Đo&agrave;n Ngọc Hải cho biết t&igrave;nh trạng t&aacute;i chiếm đang diễn ra ở một số nơi, nhất l&agrave; c&aacute;c qu&aacute;n nhậu về đ&ecirc;m. Một số nh&agrave; h&agrave;ng từng bị &ocirc;ng xử phạt v&igrave; chiếm vỉa h&egrave; nay lại t&aacute;i diễn.\r\n<p class="Normal">"C&aacute;n bộ quận 1 thấy tội phạm m&agrave; sợ h&atilde;i, thấy vỉa h&egrave; bầy hầy, nhếch nh&aacute;c m&agrave; kh&ocirc;ng l&agrave;m th&igrave; kh&ocirc;ng xứng đ&aacute;ng nhận lương h&agrave;ng th&aacute;ng của người d&acirc;n đ&oacute;ng thuế. Đối với việc chấn chỉnh vỉa h&egrave;, nếu kh&ocirc;ng quyết liệt th&igrave; đừng mong c&oacute; một đ&ocirc; thị đẹp", &ocirc;ng Hải n&oacute;i.</p>\r\n<p class="Normal">Về việc đo&agrave;n li&ecirc;n ng&agrave;nh quận 1 dừng ra qu&acirc;n hơn một th&aacute;ng nay, &ocirc;ng Hải cho biết đ&oacute; l&agrave; chỉ đạo của l&atilde;nh đạo quận. Tuy nhi&ecirc;n, Ph&oacute; chủ tịch phụ tr&aacute;ch đ&ocirc; thị vẫn theo d&otilde;i t&igrave;nh h&igrave;nh.</p>\r\n" /&gt;<a class="btn_icon_show_slide_show">&nbsp;</a></div>\r\n<div class="desc_cation">\r\n<p class="Normal">Lấy tư c&aacute;ch l&agrave; người d&acirc;n TP HCM, &ocirc;ng Đo&agrave;n Ngọc Hải cho biết t&igrave;nh trạng t&aacute;i chiếm đang diễn ra ở một số nơi, nhất l&agrave; c&aacute;c qu&aacute;n nhậu về đ&ecirc;m. Một số nh&agrave; h&agrave;ng từng bị &ocirc;ng xử phạt v&igrave; chiếm vỉa h&egrave; nay lại t&aacute;i diễn.</p>\r\n<p class="Normal">"C&aacute;n bộ quận 1 thấy tội phạm m&agrave; sợ h&atilde;i, thấy vỉa h&egrave; bầy hầy, nhếch nh&aacute;c m&agrave; kh&ocirc;ng l&agrave;m th&igrave; kh&ocirc;ng xứng đ&aacute;ng nhận lương h&agrave;ng th&aacute;ng của người d&acirc;n đ&oacute;ng thuế. Đối với việc chấn chỉnh vỉa h&egrave;, nếu kh&ocirc;ng quyết liệt th&igrave; đừng mong c&oacute; một đ&ocirc; thị đẹp", &ocirc;ng Hải n&oacute;i.</p>\r\n<p class="Normal">Về việc đo&agrave;n li&ecirc;n ng&agrave;nh quận 1 dừng ra qu&acirc;n hơn một th&aacute;ng nay, &ocirc;ng Hải cho biết đ&oacute; l&agrave; chỉ đạo của l&atilde;nh đạo quận. Tuy nhi&ecirc;n, Ph&oacute; chủ tịch phụ tr&aacute;ch đ&ocirc; thị vẫn theo d&otilde;i t&igrave;nh h&igrave;nh.</p>\r\n</div>\r\n<div class="clear">&nbsp;</div>\r\n</div>\r\n<div class="item_slide_show">\r\n<div class="block_thumb_slide_show"><img id="vne_slide_image_9" class="left" src="http://img.f29.vnecdn.net/2017/05/04/11-1493915057_680x0.jpg" data-reference-id="24764372" data-component-caption="&lt;p class=" /> Chiến dịch chấn chỉnh trật tự đ&ocirc; thị, đảm bảo mỹ quan trung t&acirc;m th&agrave;nh phố được quận 1 khởi xướng từ đầu năm. Đo&agrave;n li&ecirc;n ng&agrave;nh quận đ&atilde; xử l&yacute; h&agrave;ng ngh&igrave;n vi phạm, cho đập nhiều hạng mục của cơ quan Nh&agrave; nước, kh&aacute;ch sạn 5 sao... lấn vỉa h&egrave;; cẩu h&agrave;ng chục xe biển xanh vi phạm.\r\n<p class="Normal">Phong tr&agrave;o dọn dẹp vỉa h&egrave; sau đ&oacute; lan tỏa khắp 24 quận huyện TP HCM v&agrave; nhiều tỉnh th&agrave;nh của cả nước. Trước những phản ứng tr&aacute;i chiều của người d&acirc;n, l&atilde;nh đạo th&agrave;nh phố nhắc nhở &ocirc;ng Hải l&agrave;m nghi&ecirc;m nhưng phải đ&uacute;ng luật.</p>\r\n" /&gt;<a class="btn_icon_show_slide_show">&nbsp;</a></div>\r\n<div class="desc_cation">\r\n<p class="Normal">Chiến dịch chấn chỉnh trật tự đ&ocirc; thị, đảm bảo mỹ quan trung t&acirc;m th&agrave;nh phố được quận 1 khởi xướng từ đầu năm. Đo&agrave;n li&ecirc;n ng&agrave;nh quận đ&atilde; xử l&yacute; h&agrave;ng ngh&igrave;n vi phạm, cho đập nhiều hạng mục của cơ quan Nh&agrave; nước, kh&aacute;ch sạn 5 sao... lấn vỉa h&egrave;; cẩu h&agrave;ng chục xe biển xanh vi phạm.</p>\r\n<p class="Normal">Phong tr&agrave;o dọn dẹp vỉa h&egrave; sau đ&oacute; lan tỏa khắp 24 quận huyện TP HCM v&agrave; nhiều tỉnh th&agrave;nh của cả nước. Trước những phản ứng tr&aacute;i chiều của người d&acirc;n, l&atilde;nh đạo th&agrave;nh phố nhắc nhở &ocirc;ng Hải l&agrave;m nghi&ecirc;m nhưng phải đ&uacute;ng luật.</p>\r\n</div>\r\n</div>\r\n</div>\r\n</div>\r\n</div>', '/storage/posts/yuk1fBwmKKZdY2qR1ZKM.jpg', 'via-he-trung-tam-sai-gon-bi-tai-chiem', NULL, NULL, 'PUBLISHED', 0, '2017-05-04 16:17:50', '2017-06-20 08:47:39', NULL),
(9, 3, 1, 'Chủ tịch TP Đà Nẵng đi chợ để nghe ý kiến tiểu thương', 'Chairman of the Danang city market to hear comments micro', 'Chủ tịch TP Đà Nẵng đi chợ để nghe ý kiến tiểu thương', 'Chủ tịch UBND TP Đà Nẵng đã xuống chợ, đến từng ki-ốt kiểm tra và lắng nghe ý kiến của tiểu thương, nông dân về việc xây dựng 2 chợ mới ở quận Sơn Trà.', '<p>S&aacute;ng 5/5, &ocirc;ng Huỳnh Đức Thơ, Chủ tịch UBND TP Đ&agrave; Nẵng đến kiểm tra c&ocirc;ng t&aacute;c giải ph&oacute;ng mặt bằng v&agrave; đầu tư x&acirc;y dựng tại chợ Mai v&agrave; chợ An Hải Bắc (quận Sơn Tr&agrave;, TP Đ&agrave; Nẵng).</p>\r\n<p>Khi &ocirc;ng Thơ kiểm tra tiến độ x&acirc;y dựng tại chợ Mai (phường Thọ Quang, quận Sơn Tr&agrave;), đại diện chủ đầu tư cho biết hiện nay việc giải ph&oacute;ng mặt bằng đang gặp kh&oacute; khăn, v&igrave; một số hộ d&acirc;n bị thu đất n&ocirc;ng nhiệp chưa đồng &yacute; giao đất. Những hộ d&acirc;n n&agrave;y y&ecirc;u cầu bố tr&iacute; ki-ốt để họ bu&ocirc;n b&aacute;n v&agrave; c&oacute; ch&iacute;nh s&aacute;ch hỗ trợ th&ecirc;m để b&agrave; con c&oacute; thể thu&ecirc; đất trồng rau.</p>', '/storage/posts/nlje9NZQ7bTMYOUG4lF1.jpg', 'chu-tich-tp-da-nang-di-cho-de-nghe-y-kien-tieu-thuong', NULL, NULL, 'PENDING', 0, '2017-05-04 19:18:38', '2017-06-20 08:50:32', NULL),
(10, 1, 1, 'Chủ tịch TP Đà Nẵng đi chợ để nghe ý kiến tiểu thương 1', 'Chairman of the Danang city market to hear comments micro 1', 'Chủ tịch TP Đà Nẵng đi chợ để nghe ý kiến tiểu thương 1', 'Chủ tịch UBND TP Đà Nẵng đã xuống chợ, đến từng ki-ốt kiểm tra và lắng nghe ý kiến của tiểu thương, nông dân về việc xây dựng 2 chợ mới ở quận Sơn Trà.', '<p>S&aacute;ng 5/5, &ocirc;ng Huỳnh Đức Thơ, Chủ tịch UBND TP Đ&agrave; Nẵng đến kiểm tra c&ocirc;ng t&aacute;c giải ph&oacute;ng mặt bằng v&agrave; đầu tư x&acirc;y dựng tại chợ Mai v&agrave; chợ An Hải Bắc (quận Sơn Tr&agrave;, TP Đ&agrave; Nẵng).</p>\r\n<p>Khi &ocirc;ng Thơ kiểm tra tiến độ x&acirc;y dựng tại chợ Mai (phường Thọ Quang, quận Sơn Tr&agrave;), đại diện chủ đầu tư cho biết hiện nay việc giải ph&oacute;ng mặt bằng đang gặp kh&oacute; khăn, v&igrave; một số hộ d&acirc;n bị thu đất n&ocirc;ng nhiệp chưa đồng &yacute; giao đất. Những hộ d&acirc;n n&agrave;y y&ecirc;u cầu bố tr&iacute; ki-ốt để họ bu&ocirc;n b&aacute;n v&agrave; c&oacute; ch&iacute;nh s&aacute;ch hỗ trợ th&ecirc;m để b&agrave; con c&oacute; thể thu&ecirc; đất trồng rau.</p>', '/storage/posts/Republic-Of-Gamers-by-Syrth-Creations.png', 'chu-tich-tp-da-nang-di-cho-de-nghe-y-kien-tieu-thuong-1', NULL, NULL, 'PENDING', 0, '2017-05-13 07:59:10', '2017-07-24 11:04:02', NULL);

-- --------------------------------------------------------

--
-- Table structure for table `roles`
--

CREATE TABLE IF NOT EXISTS `roles` (
  `id` int(10) unsigned NOT NULL,
  `name` varchar(191) COLLATE utf8mb4_unicode_ci NOT NULL,
  `display_name` varchar(191) COLLATE utf8mb4_unicode_ci NOT NULL,
  `created_at` timestamp NULL DEFAULT NULL,
  `updated_at` timestamp NULL DEFAULT NULL,
  `deleted_at` timestamp NULL DEFAULT NULL
) ENGINE=InnoDB AUTO_INCREMENT=5 DEFAULT CHARSET=utf8mb4 COLLATE=utf8mb4_unicode_ci;

--
-- Dumping data for table `roles`
--

INSERT INTO `roles` (`id`, `name`, `display_name`, `created_at`, `updated_at`, `deleted_at`) VALUES
(1, 'super-admin', 'S-Admin', '2017-04-02 14:37:00', '2017-04-22 03:18:19', NULL),
(2, 'admin', 'Administrator', '2017-04-02 14:37:00', '2017-04-22 03:18:34', NULL),
(3, 'editor', 'Editor', '2017-04-22 03:19:28', '2017-05-04 18:46:37', NULL),
(4, 'user', 'Normal user', '2017-05-04 18:46:52', '2017-05-18 20:22:28', NULL);

-- --------------------------------------------------------

--
-- Table structure for table `serversides`
--

CREATE TABLE IF NOT EXISTS `serversides` (
  `id` int(10) unsigned NOT NULL,
  `name` varchar(191) COLLATE utf8mb4_unicode_ci NOT NULL,
  `email` varchar(191) COLLATE utf8mb4_unicode_ci NOT NULL,
  `created_at` timestamp NULL DEFAULT NULL,
  `updated_at` timestamp NULL DEFAULT NULL
) ENGINE=InnoDB AUTO_INCREMENT=2001 DEFAULT CHARSET=utf8mb4 COLLATE=utf8mb4_unicode_ci;

--
-- Dumping data for table `serversides`
--

INSERT INTO `serversides` (`id`, `name`, `email`, `created_at`, `updated_at`) VALUES
(1, 'Geovanni Emmerich', 'ypfeffer@example.com', '2017-07-24 02:49:24', '2017-07-24 02:49:24'),
(2, 'Carolyn Bogan', 'jones.austen@example.net', '2017-07-24 02:49:24', '2017-07-24 02:49:24'),
(3, 'Ruthe Schinner', 'wisozk.ronny@example.com', '2017-07-24 02:49:24', '2017-07-24 02:49:24'),
(4, 'Renee Wintheiser', 'edwardo79@example.com', '2017-07-24 02:49:24', '2017-07-24 02:49:24'),
(5, 'Prof. Caterina Herzog', 'trunolfsdottir@example.net', '2017-07-24 02:49:24', '2017-07-24 02:49:24'),
(6, 'Paxton Bauch', 'marilyne.rippin@example.net', '2017-07-24 02:49:24', '2017-07-24 02:49:24'),
(7, 'Leda Johnston', 'damien74@example.net', '2017-07-24 02:49:24', '2017-07-24 02:49:24'),
(8, 'Alexandro Dach', 'rcorwin@example.org', '2017-07-24 02:49:24', '2017-07-24 02:49:24'),
(9, 'Lori Howe', 'sylvester07@example.org', '2017-07-24 02:49:24', '2017-07-24 02:49:24'),
(10, 'Jamir Mayert', 'walker.wyman@example.org', '2017-07-24 02:49:24', '2017-07-24 02:49:24'),
(11, 'Burdette Lockman', 'cummerata.deja@example.org', '2017-07-24 02:49:24', '2017-07-24 02:49:24'),
(12, 'Emelia Koss', 'hblock@example.net', '2017-07-24 02:49:24', '2017-07-24 02:49:24'),
(13, 'Prof. Maureen Jast', 'lucious10@example.org', '2017-07-24 02:49:24', '2017-07-24 02:49:24'),
(14, 'Miss Hilma Ratke MD', 'qreynolds@example.org', '2017-07-24 02:49:24', '2017-07-24 02:49:24'),
(15, 'Andreane Gusikowski', 'mdicki@example.net', '2017-07-24 02:49:24', '2017-07-24 02:49:24'),
(16, 'Augustus Marks', 'jwisoky@example.com', '2017-07-24 02:49:24', '2017-07-24 02:49:24'),
(17, 'Dr. Jazmyn Feest Jr.', 'breitenberg.bianka@example.org', '2017-07-24 02:49:24', '2017-07-24 02:49:24'),
(18, 'Dr. Robin Schinner PhD', 'johnston.sarai@example.net', '2017-07-24 02:49:24', '2017-07-24 02:49:24'),
(19, 'Gregg Rolfson', 'jaydon.reilly@example.com', '2017-07-24 02:49:24', '2017-07-24 02:49:24'),
(20, 'Hassie Reilly', 'xwilliamson@example.org', '2017-07-24 02:49:24', '2017-07-24 02:49:24'),
(21, 'Florencio Weber', 'chermiston@example.org', '2017-07-24 02:49:24', '2017-07-24 02:49:24'),
(22, 'Dr. Raphael Senger II', 'kristian.maggio@example.org', '2017-07-24 02:49:24', '2017-07-24 02:49:24'),
(23, 'Gennaro Bednar', 'finn.hermann@example.org', '2017-07-24 02:49:24', '2017-07-24 02:49:24'),
(24, 'Amari West', 'meagan.quitzon@example.org', '2017-07-24 02:49:24', '2017-07-24 02:49:24'),
(25, 'Pierre Torphy', 'jast.ethan@example.org', '2017-07-24 02:49:24', '2017-07-24 02:49:24'),
(26, 'Ms. Janiya O''Hara', 'devyn.klocko@example.com', '2017-07-24 02:49:24', '2017-07-24 02:49:24'),
(27, 'Danika Simonis', 'ziemann.gladys@example.com', '2017-07-24 02:49:24', '2017-07-24 02:49:24'),
(28, 'Giovanny Tillman Jr.', 'pstanton@example.org', '2017-07-24 02:49:24', '2017-07-24 02:49:24'),
(29, 'Ralph Jacobson III', 'cdenesik@example.org', '2017-07-24 02:49:24', '2017-07-24 02:49:24'),
(30, 'Mr. Saige Osinski IV', 'ena.hilpert@example.net', '2017-07-24 02:49:24', '2017-07-24 02:49:24'),
(31, 'Jaycee Roob', 'nikko.fritsch@example.com', '2017-07-24 02:49:24', '2017-07-24 02:49:24'),
(32, 'Dina Marquardt', 'xavier44@example.com', '2017-07-24 02:49:24', '2017-07-24 02:49:24'),
(33, 'Dr. Breanna Sauer MD', 'wintheiser.buck@example.net', '2017-07-24 02:49:24', '2017-07-24 02:49:24'),
(34, 'Dion Miller', 'julianne.bednar@example.com', '2017-07-24 02:49:24', '2017-07-24 02:49:24'),
(35, 'Prof. Bo Kshlerin', 'dashawn.heaney@example.net', '2017-07-24 02:49:24', '2017-07-24 02:49:24'),
(36, 'Dr. Leopold Sauer V', 'tbode@example.org', '2017-07-24 02:49:24', '2017-07-24 02:49:24'),
(37, 'Emily Funk', 'jaquelin93@example.net', '2017-07-24 02:49:24', '2017-07-24 02:49:24'),
(38, 'Zelda Hills Sr.', 'nia.quigley@example.net', '2017-07-24 02:49:24', '2017-07-24 02:49:24'),
(39, 'Prof. Christophe Cronin', 'buck78@example.net', '2017-07-24 02:49:24', '2017-07-24 02:49:24'),
(40, 'Kacie O''Kon', 'jadon29@example.net', '2017-07-24 02:49:24', '2017-07-24 02:49:24'),
(41, 'Mr. Chaim Kling', 'paucek.anissa@example.net', '2017-07-24 02:49:24', '2017-07-24 02:49:24'),
(42, 'Lorine Shanahan', 'wyman.irving@example.net', '2017-07-24 02:49:24', '2017-07-24 02:49:24'),
(43, 'Miss Brielle Rippin', 'tyrell.hettinger@example.net', '2017-07-24 02:49:24', '2017-07-24 02:49:24'),
(44, 'Enid Veum II', 'mustafa33@example.org', '2017-07-24 02:49:24', '2017-07-24 02:49:24'),
(45, 'Prof. Della Doyle', 'hulda24@example.net', '2017-07-24 02:49:24', '2017-07-24 02:49:24'),
(46, 'Mrs. Marcelina Schmeler MD', 'helga58@example.net', '2017-07-24 02:49:24', '2017-07-24 02:49:24'),
(47, 'Shanel Schroeder', 'swift.earline@example.org', '2017-07-24 02:49:24', '2017-07-24 02:49:24'),
(48, 'Johan Kub', 'goodwin.yoshiko@example.com', '2017-07-24 02:49:24', '2017-07-24 02:49:24'),
(49, 'Eliza Langworth', 'mhagenes@example.com', '2017-07-24 02:49:24', '2017-07-24 02:49:24'),
(50, 'Hermann Kunze', 'fmetz@example.com', '2017-07-24 02:49:24', '2017-07-24 02:49:24'),
(51, 'Iva Wiegand', 'rudolph.frami@example.com', '2017-07-24 02:49:24', '2017-07-24 02:49:24'),
(52, 'Leif Marquardt DDS', 'lynn54@example.org', '2017-07-24 02:49:24', '2017-07-24 02:49:24'),
(53, 'Dylan Roberts', 'louvenia16@example.com', '2017-07-24 02:49:24', '2017-07-24 02:49:24'),
(54, 'Prof. Clementina Hartmann V', 'melvin.hansen@example.net', '2017-07-24 02:49:24', '2017-07-24 02:49:24'),
(55, 'Letha Hudson', 'vshanahan@example.org', '2017-07-24 02:49:24', '2017-07-24 02:49:24'),
(56, 'Juana Turner III', 'al.lynch@example.org', '2017-07-24 02:49:24', '2017-07-24 02:49:24'),
(57, 'Kraig Swift Jr.', 'aspinka@example.org', '2017-07-24 02:49:24', '2017-07-24 02:49:24'),
(58, 'Everett Lowe', 'jessika90@example.org', '2017-07-24 02:49:24', '2017-07-24 02:49:24'),
(59, 'Liana Hettinger', 'floy05@example.net', '2017-07-24 02:49:24', '2017-07-24 02:49:24'),
(60, 'Zena Hermann', 'skirlin@example.com', '2017-07-24 02:49:24', '2017-07-24 02:49:24'),
(61, 'Gertrude Shields', 'violet76@example.org', '2017-07-24 02:49:24', '2017-07-24 02:49:24'),
(62, 'Nona Rodriguez', 'tharvey@example.org', '2017-07-24 02:49:24', '2017-07-24 02:49:24'),
(63, 'Carmen Schulist III', 'karley.roob@example.com', '2017-07-24 02:49:24', '2017-07-24 02:49:24'),
(64, 'Florence Crooks II', 'bahringer.kasey@example.net', '2017-07-24 02:49:24', '2017-07-24 02:49:24'),
(65, 'Pearl Wyman DVM', 'johns.lawrence@example.org', '2017-07-24 02:49:24', '2017-07-24 02:49:24'),
(66, 'Kailey Runte IV', 'lesch.athena@example.com', '2017-07-24 02:49:24', '2017-07-24 02:49:24'),
(67, 'Eryn Hamill', 'wilderman.gideon@example.net', '2017-07-24 02:49:24', '2017-07-24 02:49:24'),
(68, 'Eleonore Schneider', 'natalie67@example.org', '2017-07-24 02:49:24', '2017-07-24 02:49:24'),
(69, 'Prof. Ken Bechtelar Sr.', 'rutherford.deshaun@example.com', '2017-07-24 02:49:24', '2017-07-24 02:49:24'),
(70, 'Walker Hauck', 'turner.john@example.com', '2017-07-24 02:49:24', '2017-07-24 02:49:24'),
(71, 'Dr. Polly Stracke', 'sonia.smitham@example.com', '2017-07-24 02:49:24', '2017-07-24 02:49:24'),
(72, 'Bobby Cassin', 'judge.mann@example.org', '2017-07-24 02:49:24', '2017-07-24 02:49:24'),
(73, 'Myron Schaefer DDS', 'chaim.sanford@example.org', '2017-07-24 02:49:24', '2017-07-24 02:49:24'),
(74, 'Sonya Ebert', 'cfranecki@example.com', '2017-07-24 02:49:24', '2017-07-24 02:49:24'),
(75, 'Kamryn Torphy PhD', 'liam.romaguera@example.com', '2017-07-24 02:49:24', '2017-07-24 02:49:24'),
(76, 'Miss Beverly Purdy', 'macejkovic.winfield@example.org', '2017-07-24 02:49:24', '2017-07-24 02:49:24'),
(77, 'Mr. Ezekiel Hamill', 'chaz.schowalter@example.com', '2017-07-24 02:49:24', '2017-07-24 02:49:24'),
(78, 'Mr. Guillermo Zboncak DVM', 'harris.jayce@example.org', '2017-07-24 02:49:24', '2017-07-24 02:49:24'),
(79, 'Parker Volkman III', 'schulist.jaylen@example.com', '2017-07-24 02:49:24', '2017-07-24 02:49:24'),
(80, 'Miss Kiera Keebler', 'stephanie.spencer@example.org', '2017-07-24 02:49:24', '2017-07-24 02:49:24'),
(81, 'Jacynthe Hammes', 'kirlin.beverly@example.net', '2017-07-24 02:49:24', '2017-07-24 02:49:24'),
(82, 'Haylee Gerhold', 'hpollich@example.com', '2017-07-24 02:49:24', '2017-07-24 02:49:24'),
(83, 'Peyton Hayes MD', 'teagan62@example.com', '2017-07-24 02:49:24', '2017-07-24 02:49:24'),
(84, 'Jazmin Cremin', 'ybernier@example.net', '2017-07-24 02:49:24', '2017-07-24 02:49:24'),
(85, 'Quinn Rohan III', 'crystel.steuber@example.net', '2017-07-24 02:49:24', '2017-07-24 02:49:24'),
(86, 'Antoinette Bechtelar', 'evalyn02@example.org', '2017-07-24 02:49:24', '2017-07-24 02:49:24'),
(87, 'Maryjane Carter', 'champlin.ruby@example.org', '2017-07-24 02:49:24', '2017-07-24 02:49:24'),
(88, 'Coby Tillman', 'botsford.clyde@example.com', '2017-07-24 02:49:24', '2017-07-24 02:49:24'),
(89, 'Kelli Hermann', 'ewald79@example.com', '2017-07-24 02:49:24', '2017-07-24 02:49:24'),
(90, 'Norval Maggio PhD', 'wayne59@example.com', '2017-07-24 02:49:24', '2017-07-24 02:49:24'),
(91, 'Ryann Dach DVM', 'zemlak.carolyne@example.com', '2017-07-24 02:49:24', '2017-07-24 02:49:24'),
(92, 'Kenton Stanton', 'kuvalis.marlon@example.net', '2017-07-24 02:49:24', '2017-07-24 02:49:24'),
(93, 'Dr. Garfield Walter', 'wilfred37@example.org', '2017-07-24 02:49:24', '2017-07-24 02:49:24'),
(94, 'Arianna Schaefer', 'schowalter.athena@example.org', '2017-07-24 02:49:24', '2017-07-24 02:49:24'),
(95, 'Dr. Marcus Carroll DDS', 'doug85@example.com', '2017-07-24 02:49:24', '2017-07-24 02:49:24'),
(96, 'Arthur Hauck', 'loraine17@example.net', '2017-07-24 02:49:24', '2017-07-24 02:49:24'),
(97, 'Courtney Lemke', 'marilie92@example.net', '2017-07-24 02:49:24', '2017-07-24 02:49:24'),
(98, 'Royal King', 'idouglas@example.org', '2017-07-24 02:49:24', '2017-07-24 02:49:24'),
(99, 'Malvina Davis', 'lavon.romaguera@example.org', '2017-07-24 02:49:24', '2017-07-24 02:49:24'),
(100, 'Lorine Jerde PhD', 'kabbott@example.org', '2017-07-24 02:49:24', '2017-07-24 02:49:24'),
(101, 'Prof. Elbert Stark IV', 'zander88@example.com', '2017-07-24 02:49:24', '2017-07-24 02:49:24'),
(102, 'Aurelia Kshlerin', 'seamus21@example.org', '2017-07-24 02:49:24', '2017-07-24 02:49:24'),
(103, 'Tyshawn Powlowski', 'monty16@example.com', '2017-07-24 02:49:24', '2017-07-24 02:49:24'),
(104, 'Carole Hessel', 'holly.becker@example.com', '2017-07-24 02:49:24', '2017-07-24 02:49:24'),
(105, 'Dovie Kozey', 'lowe.haleigh@example.org', '2017-07-24 02:49:24', '2017-07-24 02:49:24'),
(106, 'Olin Hand', 'berneice.boehm@example.org', '2017-07-24 02:49:24', '2017-07-24 02:49:24'),
(107, 'Sterling Bruen', 'waelchi.merl@example.org', '2017-07-24 02:49:24', '2017-07-24 02:49:24'),
(108, 'Fred Parker', 'igulgowski@example.com', '2017-07-24 02:49:24', '2017-07-24 02:49:24'),
(109, 'Hassan Macejkovic', 'luz.pagac@example.com', '2017-07-24 02:49:24', '2017-07-24 02:49:24'),
(110, 'Prof. Joshuah Haley', 'egrant@example.org', '2017-07-24 02:49:24', '2017-07-24 02:49:24'),
(111, 'Annamarie Luettgen', 'ayana45@example.org', '2017-07-24 02:49:24', '2017-07-24 02:49:24'),
(112, 'Oleta Cremin', 'alberto94@example.org', '2017-07-24 02:49:24', '2017-07-24 02:49:24'),
(113, 'Prof. Kathryne McGlynn Sr.', 'kuhn.brent@example.com', '2017-07-24 02:49:24', '2017-07-24 02:49:24'),
(114, 'Era Roob II', 'yfranecki@example.com', '2017-07-24 02:49:24', '2017-07-24 02:49:24'),
(115, 'Regan Hartmann', 'giuseppe.doyle@example.org', '2017-07-24 02:49:24', '2017-07-24 02:49:24'),
(116, 'Javon Turcotte', 'urban56@example.org', '2017-07-24 02:49:24', '2017-07-24 02:49:24'),
(117, 'Myrtice Williamson V', 'thyatt@example.net', '2017-07-24 02:49:24', '2017-07-24 02:49:24'),
(118, 'Dr. Raven Mayert III', 'beatty.jovany@example.org', '2017-07-24 02:49:24', '2017-07-24 02:49:24'),
(119, 'Davonte Stoltenberg', 'howard41@example.com', '2017-07-24 02:49:24', '2017-07-24 02:49:24'),
(120, 'Shany Sauer', 'danika76@example.com', '2017-07-24 02:49:24', '2017-07-24 02:49:24'),
(121, 'Jackeline Schuppe', 'borer.theodora@example.org', '2017-07-24 02:49:24', '2017-07-24 02:49:24'),
(122, 'Bradly Gislason', 'nathaniel03@example.net', '2017-07-24 02:49:24', '2017-07-24 02:49:24'),
(123, 'Althea Turner', 'haskell.powlowski@example.net', '2017-07-24 02:49:24', '2017-07-24 02:49:24'),
(124, 'Noemi Gislason', 'ila34@example.com', '2017-07-24 02:49:24', '2017-07-24 02:49:24'),
(125, 'Theron Kovacek', 'hailie70@example.org', '2017-07-24 02:49:24', '2017-07-24 02:49:24'),
(126, 'Mr. Efrain Toy', 'rgleason@example.net', '2017-07-24 02:49:24', '2017-07-24 02:49:24'),
(127, 'Elizabeth Greenfelder III', 'shields.naomie@example.com', '2017-07-24 02:49:24', '2017-07-24 02:49:24'),
(128, 'Vergie Wisoky IV', 'akeem.bergnaum@example.org', '2017-07-24 02:49:24', '2017-07-24 02:49:24'),
(129, 'Jamir Willms II', 'egreenfelder@example.com', '2017-07-24 02:49:24', '2017-07-24 02:49:24'),
(130, 'Marion Bosco', 'mavis16@example.com', '2017-07-24 02:49:24', '2017-07-24 02:49:24'),
(131, 'Luciano Jakubowski', 'summer86@example.net', '2017-07-24 02:49:24', '2017-07-24 02:49:24'),
(132, 'Freeman Leannon', 'rbrakus@example.org', '2017-07-24 02:49:24', '2017-07-24 02:49:24'),
(133, 'Jack Kutch', 'deckow.madalyn@example.org', '2017-07-24 02:49:24', '2017-07-24 02:49:24'),
(134, 'Talia Cormier Jr.', 'carmen.frami@example.net', '2017-07-24 02:49:24', '2017-07-24 02:49:24'),
(135, 'Mr. Cade Spinka', 'meta.hansen@example.com', '2017-07-24 02:49:24', '2017-07-24 02:49:24'),
(136, 'Reymundo Schinner', 'celine22@example.com', '2017-07-24 02:49:24', '2017-07-24 02:49:24'),
(137, 'Dallas Johns', 'lgoodwin@example.com', '2017-07-24 02:49:24', '2017-07-24 02:49:24'),
(138, 'Linwood Ernser', 'cmills@example.com', '2017-07-24 02:49:24', '2017-07-24 02:49:24'),
(139, 'Oswald Homenick DVM', 'oberbrunner.charley@example.net', '2017-07-24 02:49:24', '2017-07-24 02:49:24'),
(140, 'Miss Catharine Oberbrunner', 'rhoda07@example.com', '2017-07-24 02:49:24', '2017-07-24 02:49:24'),
(141, 'Gideon Beahan', 'veda20@example.org', '2017-07-24 02:49:24', '2017-07-24 02:49:24'),
(142, 'Fermin Daniel', 'mariane.carroll@example.org', '2017-07-24 02:49:24', '2017-07-24 02:49:24'),
(143, 'Hipolito Shields', 'isteuber@example.org', '2017-07-24 02:49:24', '2017-07-24 02:49:24'),
(144, 'Yasmeen Feil', 'selina.krajcik@example.org', '2017-07-24 02:49:24', '2017-07-24 02:49:24'),
(145, 'Arianna Littel', 'margret20@example.com', '2017-07-24 02:49:24', '2017-07-24 02:49:24'),
(146, 'Leland Stanton', 'stanley61@example.com', '2017-07-24 02:49:24', '2017-07-24 02:49:24'),
(147, 'Dr. Grady Nicolas II', 'tgoyette@example.net', '2017-07-24 02:49:24', '2017-07-24 02:49:24'),
(148, 'Anya Ziemann', 'rgrimes@example.org', '2017-07-24 02:49:24', '2017-07-24 02:49:24'),
(149, 'Dr. Kian Wuckert II', 'boyle.granville@example.net', '2017-07-24 02:49:24', '2017-07-24 02:49:24'),
(150, 'Frida Schamberger', 'ekeebler@example.com', '2017-07-24 02:49:24', '2017-07-24 02:49:24'),
(151, 'Kelli Lockman', 'rkshlerin@example.com', '2017-07-24 02:49:24', '2017-07-24 02:49:24'),
(152, 'Judy Kshlerin', 'theron.funk@example.org', '2017-07-24 02:49:24', '2017-07-24 02:49:24'),
(153, 'Gillian Brakus', 'vhane@example.com', '2017-07-24 02:49:24', '2017-07-24 02:49:24'),
(154, 'Princess Gislason', 'margot.schmidt@example.net', '2017-07-24 02:49:24', '2017-07-24 02:49:24'),
(155, 'Brain Franecki', 'qfahey@example.com', '2017-07-24 02:49:24', '2017-07-24 02:49:24'),
(156, 'Sunny Hudson', 'norbert08@example.com', '2017-07-24 02:49:24', '2017-07-24 02:49:24'),
(157, 'Brock Balistreri', 'goconner@example.com', '2017-07-24 02:49:24', '2017-07-24 02:49:24'),
(158, 'Benjamin Wolf', 'zboncak.caden@example.com', '2017-07-24 02:49:24', '2017-07-24 02:49:24'),
(159, 'Alf Terry', 'jerde.eva@example.org', '2017-07-24 02:49:24', '2017-07-24 02:49:24'),
(160, 'Mrs. Jessika Kessler', 'jace.hayes@example.com', '2017-07-24 02:49:24', '2017-07-24 02:49:24'),
(161, 'Greyson Haley', 'asimonis@example.net', '2017-07-24 02:49:24', '2017-07-24 02:49:24'),
(162, 'Dr. Nolan Lynch', 'vschumm@example.com', '2017-07-24 02:49:24', '2017-07-24 02:49:24'),
(163, 'Prof. Vella Windler II', 'rath.kenton@example.org', '2017-07-24 02:49:24', '2017-07-24 02:49:24'),
(164, 'Dr. Rodolfo Steuber', 'upton.shania@example.net', '2017-07-24 02:49:24', '2017-07-24 02:49:24'),
(165, 'Prof. Anissa Reynolds', 'marks.jerad@example.org', '2017-07-24 02:49:24', '2017-07-24 02:49:24'),
(166, 'Karson Roob', 'maximo33@example.org', '2017-07-24 02:49:24', '2017-07-24 02:49:24'),
(167, 'Ava Schoen', 'zieme.robert@example.com', '2017-07-24 02:49:24', '2017-07-24 02:49:24'),
(168, 'Connor Schiller', 'maximo.christiansen@example.com', '2017-07-24 02:49:24', '2017-07-24 02:49:24'),
(169, 'Prof. Garry Zulauf', 'burdette87@example.net', '2017-07-24 02:49:24', '2017-07-24 02:49:24'),
(170, 'Zoila Wisozk DDS', 'reggie.johnston@example.org', '2017-07-24 02:49:25', '2017-07-24 02:49:25'),
(171, 'Lon Mueller', 'ila.lesch@example.com', '2017-07-24 02:49:25', '2017-07-24 02:49:25'),
(172, 'Olga Von', 'eladio33@example.com', '2017-07-24 02:49:25', '2017-07-24 02:49:25'),
(173, 'Aliza Reichert', 'quincy20@example.net', '2017-07-24 02:49:25', '2017-07-24 02:49:25'),
(174, 'Peter King', 'vernice16@example.com', '2017-07-24 02:49:25', '2017-07-24 02:49:25'),
(175, 'Miss Jodie Shields III', 'crooks.mollie@example.net', '2017-07-24 02:49:25', '2017-07-24 02:49:25'),
(176, 'Joesph Kling', 'lizeth66@example.com', '2017-07-24 02:49:25', '2017-07-24 02:49:25'),
(177, 'Miss Jeanne Hettinger', 'gfunk@example.net', '2017-07-24 02:49:25', '2017-07-24 02:49:25'),
(178, 'Dr. Carol Glover', 'yundt.margarete@example.org', '2017-07-24 02:49:25', '2017-07-24 02:49:25'),
(179, 'Dejuan Barton V', 'haag.dalton@example.net', '2017-07-24 02:49:25', '2017-07-24 02:49:25'),
(180, 'Jana Jast', 'mozell14@example.org', '2017-07-24 02:49:25', '2017-07-24 02:49:25'),
(181, 'Mr. Bailey Upton V', 'baron.turcotte@example.net', '2017-07-24 02:49:25', '2017-07-24 02:49:25'),
(182, 'Tito Rohan', 'brekke.aiden@example.net', '2017-07-24 02:49:25', '2017-07-24 02:49:25'),
(183, 'Kole Gerlach', 'althea.barton@example.com', '2017-07-24 02:49:25', '2017-07-24 02:49:25'),
(184, 'Ernestina Grimes', 'aniya53@example.org', '2017-07-24 02:49:25', '2017-07-24 02:49:25'),
(185, 'Alison Abshire', 'zerdman@example.net', '2017-07-24 02:49:25', '2017-07-24 02:49:25'),
(186, 'Timothy Wilderman', 'jerod13@example.org', '2017-07-24 02:49:25', '2017-07-24 02:49:25'),
(187, 'Kacey Price', 'marielle40@example.org', '2017-07-24 02:49:25', '2017-07-24 02:49:25'),
(188, 'Ashleigh Cole', 'ardella22@example.net', '2017-07-24 02:49:25', '2017-07-24 02:49:25'),
(189, 'Prof. Kraig Bergstrom PhD', 'jmorar@example.org', '2017-07-24 02:49:25', '2017-07-24 02:49:25'),
(190, 'Zita Schneider', 'blair.strosin@example.org', '2017-07-24 02:49:25', '2017-07-24 02:49:25'),
(191, 'Prof. Mae Rohan IV', 'ulittel@example.net', '2017-07-24 02:49:25', '2017-07-24 02:49:25'),
(192, 'Prof. Ernest Moen Jr.', 'sonny29@example.net', '2017-07-24 02:49:25', '2017-07-24 02:49:25'),
(193, 'Myrna Glover', 'braun.delores@example.com', '2017-07-24 02:49:25', '2017-07-24 02:49:25'),
(194, 'Nicola Altenwerth', 'considine.everette@example.com', '2017-07-24 02:49:25', '2017-07-24 02:49:25'),
(195, 'Dino Hamill', 'meredith21@example.org', '2017-07-24 02:49:25', '2017-07-24 02:49:25'),
(196, 'Estefania Keeling', 'lexie19@example.net', '2017-07-24 02:49:25', '2017-07-24 02:49:25'),
(197, 'Jerrell Littel', 'considine.bria@example.org', '2017-07-24 02:49:25', '2017-07-24 02:49:25'),
(198, 'Christop Dicki', 'wgerlach@example.com', '2017-07-24 02:49:25', '2017-07-24 02:49:25'),
(199, 'Gunnar Kertzmann', 'muriel26@example.org', '2017-07-24 02:49:25', '2017-07-24 02:49:25'),
(200, 'Gerson Schaden', 'dicki.griffin@example.net', '2017-07-24 02:49:25', '2017-07-24 02:49:25'),
(201, 'Dr. Heloise Stokes', 'sankunding@example.org', '2017-07-24 02:49:25', '2017-07-24 02:49:25'),
(202, 'Abbigail Labadie Jr.', 'feest.maximo@example.com', '2017-07-24 02:49:25', '2017-07-24 02:49:25'),
(203, 'Alvina Oberbrunner', 'alexzander54@example.com', '2017-07-24 02:49:25', '2017-07-24 02:49:25'),
(204, 'Dr. Bell Morar V', 'schroeder.tommie@example.org', '2017-07-24 02:49:25', '2017-07-24 02:49:25'),
(205, 'Orrin Gottlieb', 'liam.barrows@example.net', '2017-07-24 02:49:25', '2017-07-24 02:49:25'),
(206, 'Hermann Romaguera', 'ricardo.kulas@example.org', '2017-07-24 02:49:25', '2017-07-24 02:49:25'),
(207, 'Prof. Paula Olson', 'royal.harber@example.org', '2017-07-24 02:49:25', '2017-07-24 02:49:25'),
(208, 'Russ Hilpert II', 'carey47@example.com', '2017-07-24 02:49:25', '2017-07-24 02:49:25'),
(209, 'Althea Gibson MD', 'lila68@example.org', '2017-07-24 02:49:25', '2017-07-24 02:49:25'),
(210, 'Prof. Tito Conroy', 'lupe06@example.com', '2017-07-24 02:49:25', '2017-07-24 02:49:25'),
(211, 'Amira Jacobs', 'rosenbaum.uriel@example.net', '2017-07-24 02:49:25', '2017-07-24 02:49:25'),
(212, 'Sibyl Leannon', 'mwyman@example.org', '2017-07-24 02:49:25', '2017-07-24 02:49:25'),
(213, 'Josefina Ebert MD', 'aherman@example.com', '2017-07-24 02:49:25', '2017-07-24 02:49:25'),
(214, 'Jerod Heller', 'jchristiansen@example.com', '2017-07-24 02:49:25', '2017-07-24 02:49:25'),
(215, 'Malachi Smitham', 'brock12@example.com', '2017-07-24 02:49:25', '2017-07-24 02:49:25'),
(216, 'Adriel Ondricka', 'upton.bertrand@example.com', '2017-07-24 02:49:25', '2017-07-24 02:49:25'),
(217, 'Rhiannon Nitzsche', 'kilback.onie@example.com', '2017-07-24 02:49:25', '2017-07-24 02:49:25'),
(218, 'Laverne Bode', 'orlo27@example.com', '2017-07-24 02:49:25', '2017-07-24 02:49:25'),
(219, 'Estella Herman IV', 'orland33@example.com', '2017-07-24 02:49:25', '2017-07-24 02:49:25'),
(220, 'Brayan Stehr Jr.', 'lorenzo19@example.org', '2017-07-24 02:49:25', '2017-07-24 02:49:25'),
(221, 'Mrs. Alicia Zemlak IV', 'hane.demarco@example.net', '2017-07-24 02:49:25', '2017-07-24 02:49:25'),
(222, 'Prof. Adrianna Harris', 'kovacek.herminio@example.net', '2017-07-24 02:49:25', '2017-07-24 02:49:25'),
(223, 'Cletus Abshire', 'ydaugherty@example.net', '2017-07-24 02:49:25', '2017-07-24 02:49:25'),
(224, 'Dr. Shania Marquardt II', 'yost.zoie@example.org', '2017-07-24 02:49:25', '2017-07-24 02:49:25'),
(225, 'Eliza Quigley Sr.', 'lynch.laila@example.com', '2017-07-24 02:49:25', '2017-07-24 02:49:25'),
(226, 'Orie Okuneva', 'oskiles@example.com', '2017-07-24 02:49:25', '2017-07-24 02:49:25'),
(227, 'Emery Hoppe Jr.', 'amani.kunde@example.net', '2017-07-24 02:49:25', '2017-07-24 02:49:25'),
(228, 'Dr. Santa Feil PhD', 'barrows.krista@example.net', '2017-07-24 02:49:25', '2017-07-24 02:49:25'),
(229, 'Ryann Breitenberg', 'vroob@example.org', '2017-07-24 02:49:25', '2017-07-24 02:49:25'),
(230, 'Stacy Bashirian', 'tabshire@example.net', '2017-07-24 02:49:25', '2017-07-24 02:49:25'),
(231, 'Jeffry Purdy', 'vblick@example.org', '2017-07-24 02:49:25', '2017-07-24 02:49:25'),
(232, 'Kailee Kiehn Jr.', 'sterling70@example.net', '2017-07-24 02:49:25', '2017-07-24 02:49:25'),
(233, 'Ahmad Conroy', 'daphney.friesen@example.org', '2017-07-24 02:49:25', '2017-07-24 02:49:25'),
(234, 'Trevor Rowe IV', 'clement67@example.com', '2017-07-24 02:49:25', '2017-07-24 02:49:25'),
(235, 'Mrs. Dana Fahey I', 'rippin.palma@example.org', '2017-07-24 02:49:25', '2017-07-24 02:49:25'),
(236, 'Ephraim Maggio II', 'rosalinda85@example.net', '2017-07-24 02:49:25', '2017-07-24 02:49:25'),
(237, 'Vesta Wuckert', 'martine37@example.org', '2017-07-24 02:49:25', '2017-07-24 02:49:25'),
(238, 'Iliana Sauer', 'kayla20@example.com', '2017-07-24 02:49:25', '2017-07-24 02:49:25'),
(239, 'Dr. Annalise Jacobs PhD', 'lynn10@example.com', '2017-07-24 02:49:25', '2017-07-24 02:49:25'),
(240, 'Ernestina Zieme', 'conn.elaina@example.com', '2017-07-24 02:49:25', '2017-07-24 02:49:25'),
(241, 'Richie Cremin IV', 'ischoen@example.org', '2017-07-24 02:49:25', '2017-07-24 02:49:25'),
(242, 'Francesca Predovic', 'gussie60@example.com', '2017-07-24 02:49:25', '2017-07-24 02:49:25'),
(243, 'Marta Gorczany I', 'lwalter@example.com', '2017-07-24 02:49:25', '2017-07-24 02:49:25'),
(244, 'Gianni Gorczany', 'hhaag@example.com', '2017-07-24 02:49:25', '2017-07-24 02:49:25'),
(245, 'Akeem Gaylord', 'noel38@example.com', '2017-07-24 02:49:25', '2017-07-24 02:49:25'),
(246, 'Judd Bahringer', 'emmerich.adelbert@example.net', '2017-07-24 02:49:25', '2017-07-24 02:49:25'),
(247, 'Prof. Tristin Stracke MD', 'jromaguera@example.net', '2017-07-24 02:49:25', '2017-07-24 02:49:25'),
(248, 'Irma Flatley DVM', 'rquitzon@example.org', '2017-07-24 02:49:25', '2017-07-24 02:49:25'),
(249, 'Dr. Tia Runolfsson Sr.', 'delpha.grant@example.com', '2017-07-24 02:49:25', '2017-07-24 02:49:25'),
(250, 'Dan Leuschke', 'weimann.abagail@example.org', '2017-07-24 02:49:25', '2017-07-24 02:49:25'),
(251, 'Lennie Trantow', 'estevan67@example.net', '2017-07-24 02:49:25', '2017-07-24 02:49:25'),
(252, 'Dr. Olaf Lebsack', 'borer.magdalen@example.org', '2017-07-24 02:49:25', '2017-07-24 02:49:25'),
(253, 'Garfield Johnston', 'dillan43@example.org', '2017-07-24 02:49:25', '2017-07-24 02:49:25'),
(254, 'Keara Zulauf', 'lockman.pascale@example.net', '2017-07-24 02:49:25', '2017-07-24 02:49:25'),
(255, 'Bridget Larkin III', 'ebosco@example.org', '2017-07-24 02:49:25', '2017-07-24 02:49:25'),
(256, 'Lila Greenfelder', 'kasandra36@example.net', '2017-07-24 02:49:25', '2017-07-24 02:49:25'),
(257, 'Salvador Rodriguez', 'jaleel96@example.com', '2017-07-24 02:49:25', '2017-07-24 02:49:25'),
(258, 'Mr. Elbert Stehr', 'hirthe.laurel@example.org', '2017-07-24 02:49:25', '2017-07-24 02:49:25'),
(259, 'Prof. Verla Douglas III', 'mann.gayle@example.net', '2017-07-24 02:49:25', '2017-07-24 02:49:25'),
(260, 'Eileen Schaden V', 'orpha.padberg@example.org', '2017-07-24 02:49:25', '2017-07-24 02:49:25'),
(261, 'Telly Veum', 'eleanore.heaney@example.net', '2017-07-24 02:49:25', '2017-07-24 02:49:25'),
(262, 'Dr. Niko Turcotte II', 'hamill.tyler@example.com', '2017-07-24 02:49:25', '2017-07-24 02:49:25'),
(263, 'Theresia Bahringer', 'katarina.jacobi@example.net', '2017-07-24 02:49:25', '2017-07-24 02:49:25'),
(264, 'Dr. Walker Hartmann', 'ray.gleason@example.net', '2017-07-24 02:49:25', '2017-07-24 02:49:25'),
(265, 'Dr. Kenton Koss Sr.', 'lueilwitz.garth@example.com', '2017-07-24 02:49:25', '2017-07-24 02:49:25'),
(266, 'Eliseo Balistreri', 'cupton@example.com', '2017-07-24 02:49:25', '2017-07-24 02:49:25'),
(267, 'Jorge Emard', 'vkulas@example.net', '2017-07-24 02:49:25', '2017-07-24 02:49:25'),
(268, 'Prof. Perry Weissnat', 'obartell@example.net', '2017-07-24 02:49:25', '2017-07-24 02:49:25'),
(269, 'Dr. Jakob Wyman', 'predovic.ephraim@example.net', '2017-07-24 02:49:25', '2017-07-24 02:49:25'),
(270, 'Prof. Ola Adams II', 'christina81@example.org', '2017-07-24 02:49:25', '2017-07-24 02:49:25'),
(271, 'Judy Schmidt I', 'tremblay.pearl@example.org', '2017-07-24 02:49:25', '2017-07-24 02:49:25'),
(272, 'Dolores Considine', 'zrogahn@example.org', '2017-07-24 02:49:25', '2017-07-24 02:49:25'),
(273, 'Amina Walsh', 'icollier@example.org', '2017-07-24 02:49:25', '2017-07-24 02:49:25'),
(274, 'Electa Predovic', 'fschinner@example.org', '2017-07-24 02:49:25', '2017-07-24 02:49:25'),
(275, 'Shakira Kuhlman', 'prosacco.charlene@example.org', '2017-07-24 02:49:25', '2017-07-24 02:49:25'),
(276, 'Meda Mueller', 'estefania56@example.net', '2017-07-24 02:49:25', '2017-07-24 02:49:25'),
(277, 'Miss Kirsten Jacobs', 'graham.roma@example.com', '2017-07-24 02:49:25', '2017-07-24 02:49:25'),
(278, 'George Hane', 'trent.stehr@example.org', '2017-07-24 02:49:25', '2017-07-24 02:49:25'),
(279, 'Lauryn DuBuque', 'lloyd.batz@example.net', '2017-07-24 02:49:25', '2017-07-24 02:49:25'),
(280, 'Prof. Idell Davis', 'aidan88@example.com', '2017-07-24 02:49:25', '2017-07-24 02:49:25'),
(281, 'Kurtis Sanford', 'david.schneider@example.com', '2017-07-24 02:49:25', '2017-07-24 02:49:25'),
(282, 'Dr. Eric Reilly', 'jackson64@example.org', '2017-07-24 02:49:25', '2017-07-24 02:49:25'),
(283, 'Kellen Brown', 'travis.luettgen@example.net', '2017-07-24 02:49:25', '2017-07-24 02:49:25'),
(284, 'Dr. Sammy Moore IV', 'zhettinger@example.com', '2017-07-24 02:49:25', '2017-07-24 02:49:25'),
(285, 'Haley Hayes', 'rachelle.kozey@example.org', '2017-07-24 02:49:25', '2017-07-24 02:49:25'),
(286, 'Lambert Kuvalis IV', 'arno.wintheiser@example.net', '2017-07-24 02:49:25', '2017-07-24 02:49:25'),
(287, 'Prof. Sigurd Corkery', 'chester85@example.org', '2017-07-24 02:49:25', '2017-07-24 02:49:25'),
(288, 'Mr. Luis Beahan', 'nathanael53@example.org', '2017-07-24 02:49:25', '2017-07-24 02:49:25'),
(289, 'Jayson Dicki', 'trenton99@example.org', '2017-07-24 02:49:25', '2017-07-24 02:49:25'),
(290, 'Quinton Mills', 'ukautzer@example.org', '2017-07-24 02:49:25', '2017-07-24 02:49:25'),
(291, 'Brady Turcotte Sr.', 'don93@example.net', '2017-07-24 02:49:25', '2017-07-24 02:49:25'),
(292, 'Mr. Selmer Ebert MD', 'samson.witting@example.net', '2017-07-24 02:49:25', '2017-07-24 02:49:25'),
(293, 'Mohammad Wisoky', 'tressie91@example.org', '2017-07-24 02:49:25', '2017-07-24 02:49:25'),
(294, 'Elaina Stiedemann II', 'willms.isom@example.com', '2017-07-24 02:49:25', '2017-07-24 02:49:25'),
(295, 'Aglae Herzog', 'wisoky.margaret@example.net', '2017-07-24 02:49:25', '2017-07-24 02:49:25'),
(296, 'Dr. Berenice Rogahn III', 'bheller@example.org', '2017-07-24 02:49:25', '2017-07-24 02:49:25'),
(297, 'Wilburn Bashirian', 'brent.brekke@example.net', '2017-07-24 02:49:25', '2017-07-24 02:49:25'),
(298, 'Ashlee Price', 'brakus.alisa@example.com', '2017-07-24 02:49:25', '2017-07-24 02:49:25'),
(299, 'Ms. Renee Witting Jr.', 'chloe30@example.net', '2017-07-24 02:49:25', '2017-07-24 02:49:25'),
(300, 'Prof. Joshuah Leuschke V', 'jgrady@example.com', '2017-07-24 02:49:25', '2017-07-24 02:49:25'),
(301, 'Prof. Easter Barton I', 'rose22@example.com', '2017-07-24 02:49:25', '2017-07-24 02:49:25'),
(302, 'Anabel Schaden', 'greenholt.lewis@example.org', '2017-07-24 02:49:25', '2017-07-24 02:49:25'),
(303, 'Chris Crona', 'fay.maiya@example.net', '2017-07-24 02:49:25', '2017-07-24 02:49:25'),
(304, 'Henri Bartell', 'fcremin@example.net', '2017-07-24 02:49:25', '2017-07-24 02:49:25'),
(305, 'Mr. Deondre Cruickshank II', 'kuhic.isidro@example.org', '2017-07-24 02:49:25', '2017-07-24 02:49:25'),
(306, 'Rafaela Lind', 'kendall.sporer@example.net', '2017-07-24 02:49:25', '2017-07-24 02:49:25'),
(307, 'Frankie Armstrong', 'xmaggio@example.net', '2017-07-24 02:49:25', '2017-07-24 02:49:25'),
(308, 'Miss Lacy Bosco', 'zulauf.roselyn@example.com', '2017-07-24 02:49:25', '2017-07-24 02:49:25'),
(309, 'Ottilie Bins', 'padberg.ted@example.net', '2017-07-24 02:49:25', '2017-07-24 02:49:25'),
(310, 'Katherine Schiller DVM', 'dion.sporer@example.com', '2017-07-24 02:49:25', '2017-07-24 02:49:25'),
(311, 'Orville Steuber', 'noe16@example.org', '2017-07-24 02:49:25', '2017-07-24 02:49:25'),
(312, 'Sasha Bartell', 'alice65@example.com', '2017-07-24 02:49:25', '2017-07-24 02:49:25'),
(313, 'Brandon Cassin', 'hickle.estefania@example.net', '2017-07-24 02:49:25', '2017-07-24 02:49:25'),
(314, 'Mathew Sipes I', 'green.koepp@example.net', '2017-07-24 02:49:25', '2017-07-24 02:49:25'),
(315, 'Elwyn Runolfsdottir', 'maddison37@example.org', '2017-07-24 02:49:25', '2017-07-24 02:49:25'),
(316, 'Princess Larkin', 'sabryna59@example.org', '2017-07-24 02:49:25', '2017-07-24 02:49:25'),
(317, 'Angeline White', 'karlie13@example.net', '2017-07-24 02:49:25', '2017-07-24 02:49:25'),
(318, 'Bridie Bogan IV', 'elnora37@example.com', '2017-07-24 02:49:25', '2017-07-24 02:49:25'),
(319, 'Dashawn Murphy DVM', 'white.ashley@example.org', '2017-07-24 02:49:25', '2017-07-24 02:49:25'),
(320, 'Dr. Skylar Glover', 'oconner.edwina@example.net', '2017-07-24 02:49:25', '2017-07-24 02:49:25'),
(321, 'Casey Pfeffer', 'mikayla83@example.com', '2017-07-24 02:49:25', '2017-07-24 02:49:25'),
(322, 'Saul Goyette DDS', 'samanta77@example.com', '2017-07-24 02:49:25', '2017-07-24 02:49:25'),
(323, 'Dr. Jaden Graham Sr.', 'nolan.elyse@example.com', '2017-07-24 02:49:25', '2017-07-24 02:49:25'),
(324, 'Prof. Maeve O''Hara', 'durgan.brenda@example.com', '2017-07-24 02:49:25', '2017-07-24 02:49:25'),
(325, 'Deja Parker', 'ojohnson@example.com', '2017-07-24 02:49:25', '2017-07-24 02:49:25'),
(326, 'Kendra Cummerata', 'derrick76@example.net', '2017-07-24 02:49:25', '2017-07-24 02:49:25'),
(327, 'Jenifer Dickens', 'douglas.goyette@example.com', '2017-07-24 02:49:25', '2017-07-24 02:49:25'),
(328, 'Makenzie Zboncak', 'xhaag@example.net', '2017-07-24 02:49:25', '2017-07-24 02:49:25'),
(329, 'Christelle Mayer', 'lpouros@example.com', '2017-07-24 02:49:25', '2017-07-24 02:49:25'),
(330, 'Rozella Kunde DVM', 'garrett66@example.net', '2017-07-24 02:49:25', '2017-07-24 02:49:25'),
(331, 'Lori Lindgren', 'runolfsson.aaliyah@example.net', '2017-07-24 02:49:25', '2017-07-24 02:49:25'),
(332, 'Kenna Padberg II', 'cole.hassie@example.org', '2017-07-24 02:49:25', '2017-07-24 02:49:25'),
(333, 'Kathryn Romaguera I', 'cweber@example.org', '2017-07-24 02:49:25', '2017-07-24 02:49:25'),
(334, 'Mr. Edgar Wisoky II', 'london.abernathy@example.org', '2017-07-24 02:49:25', '2017-07-24 02:49:25'),
(335, 'Prof. Karlee Larson Sr.', 'elisabeth.zieme@example.org', '2017-07-24 02:49:25', '2017-07-24 02:49:25'),
(336, 'Dr. Shaylee Monahan', 'schiller.edwardo@example.com', '2017-07-24 02:49:25', '2017-07-24 02:49:25'),
(337, 'Madison Metz', 'daniel.lempi@example.com', '2017-07-24 02:49:25', '2017-07-24 02:49:25'),
(338, 'Miss Lavonne Hammes', 'bednar.jarrell@example.org', '2017-07-24 02:49:25', '2017-07-24 02:49:25'),
(339, 'Alvina Kertzmann', 'torey66@example.com', '2017-07-24 02:49:25', '2017-07-24 02:49:25'),
(340, 'Camilla Hickle', 'hilpert.kiana@example.com', '2017-07-24 02:49:25', '2017-07-24 02:49:25'),
(341, 'Brooks Kautzer', 'towne.israel@example.org', '2017-07-24 02:49:25', '2017-07-24 02:49:25'),
(342, 'Prof. Stephany Howell DDS', 'cronin.flo@example.com', '2017-07-24 02:49:25', '2017-07-24 02:49:25'),
(343, 'Lee Rippin', 'watson86@example.com', '2017-07-24 02:49:25', '2017-07-24 02:49:25'),
(344, 'Anthony Kreiger', 'ellen.ziemann@example.com', '2017-07-24 02:49:25', '2017-07-24 02:49:25'),
(345, 'Miss Dakota Conroy III', 'willms.noemi@example.org', '2017-07-24 02:49:25', '2017-07-24 02:49:25'),
(346, 'Tatyana Heaney', 'ylockman@example.org', '2017-07-24 02:49:25', '2017-07-24 02:49:25'),
(347, 'Prof. Eino Torp', 'wupton@example.com', '2017-07-24 02:49:25', '2017-07-24 02:49:25'),
(348, 'Leilani Blick', 'audrey.pollich@example.com', '2017-07-24 02:49:25', '2017-07-24 02:49:25'),
(349, 'Tressie Cummings', 'runte.timmy@example.net', '2017-07-24 02:49:25', '2017-07-24 02:49:25'),
(350, 'Queen Rowe', 'aabshire@example.net', '2017-07-24 02:49:25', '2017-07-24 02:49:25'),
(351, 'Rafael Swaniawski', 'davis.magnus@example.org', '2017-07-24 02:49:25', '2017-07-24 02:49:25'),
(352, 'Rowan Hudson', 'miles.herzog@example.net', '2017-07-24 02:49:25', '2017-07-24 02:49:25'),
(353, 'Jamey Labadie', 'odietrich@example.org', '2017-07-24 02:49:25', '2017-07-24 02:49:25'),
(354, 'Carter Block', 'elian.haag@example.org', '2017-07-24 02:49:25', '2017-07-24 02:49:25'),
(355, 'Kiana Gislason', 'vandervort.darien@example.net', '2017-07-24 02:49:25', '2017-07-24 02:49:25'),
(356, 'Trycia Lang', 'pagac.araceli@example.net', '2017-07-24 02:49:25', '2017-07-24 02:49:25'),
(357, 'Rylee Hagenes', 'hkuhlman@example.net', '2017-07-24 02:49:25', '2017-07-24 02:49:25'),
(358, 'Mariela VonRueden', 'vena.mckenzie@example.org', '2017-07-24 02:49:25', '2017-07-24 02:49:25'),
(359, 'Darwin Parker IV', 'aurelie.romaguera@example.org', '2017-07-24 02:49:25', '2017-07-24 02:49:25'),
(360, 'Selina Ledner', 'johnson.zion@example.com', '2017-07-24 02:49:25', '2017-07-24 02:49:25'),
(361, 'Lilliana Mayer', 'dach.freida@example.org', '2017-07-24 02:49:25', '2017-07-24 02:49:25'),
(362, 'Dr. Pietro Witting', 'carter.kamille@example.com', '2017-07-24 02:49:25', '2017-07-24 02:49:25'),
(363, 'Gus Kihn', 'mohr.amber@example.org', '2017-07-24 02:49:25', '2017-07-24 02:49:25'),
(364, 'Jake Wintheiser', 'lew.schmidt@example.org', '2017-07-24 02:49:25', '2017-07-24 02:49:25'),
(365, 'Constantin Pollich Sr.', 'hammes.triston@example.org', '2017-07-24 02:49:25', '2017-07-24 02:49:25'),
(366, 'Prof. Marshall Pfeffer', 'ewehner@example.net', '2017-07-24 02:49:25', '2017-07-24 02:49:25'),
(367, 'Addison Schoen', 'quentin83@example.com', '2017-07-24 02:49:25', '2017-07-24 02:49:25'),
(368, 'Martina Hackett', 'zkris@example.org', '2017-07-24 02:49:25', '2017-07-24 02:49:25'),
(369, 'Granville Effertz', 'pkirlin@example.com', '2017-07-24 02:49:25', '2017-07-24 02:49:25'),
(370, 'Hattie Bartell', 'swaniawski.dangelo@example.com', '2017-07-24 02:49:25', '2017-07-24 02:49:25'),
(371, 'Westley Pfeffer III', 'hettie.graham@example.org', '2017-07-24 02:49:25', '2017-07-24 02:49:25'),
(372, 'Sarai Crona', 'schaefer.sallie@example.org', '2017-07-24 02:49:25', '2017-07-24 02:49:25'),
(373, 'Marcelino Bogisich', 'lauretta.huels@example.org', '2017-07-24 02:49:25', '2017-07-24 02:49:25'),
(374, 'Mrs. Caterina DuBuque', 'coty18@example.org', '2017-07-24 02:49:25', '2017-07-24 02:49:25'),
(375, 'Eden Hahn DDS', 'sylvia63@example.net', '2017-07-24 02:49:25', '2017-07-24 02:49:25'),
(376, 'Marcel Nikolaus', 'gschumm@example.net', '2017-07-24 02:49:25', '2017-07-24 02:49:25'),
(377, 'Mollie Mayer', 'west.demetris@example.net', '2017-07-24 02:49:25', '2017-07-24 02:49:25'),
(378, 'Cassidy Trantow', 'kunze.agustina@example.org', '2017-07-24 02:49:25', '2017-07-24 02:49:25'),
(379, 'Dr. Vergie Bartell', 'morissette.neha@example.com', '2017-07-24 02:49:25', '2017-07-24 02:49:25'),
(380, 'Jannie Goldner II', 'hand.marc@example.org', '2017-07-24 02:49:25', '2017-07-24 02:49:25'),
(381, 'Ashtyn Jast', 'mjacobi@example.org', '2017-07-24 02:49:25', '2017-07-24 02:49:25'),
(382, 'Mr. Lucious Hane DVM', 'mwisozk@example.com', '2017-07-24 02:49:25', '2017-07-24 02:49:25'),
(383, 'Alexandrine Wiza V', 'qhoppe@example.net', '2017-07-24 02:49:25', '2017-07-24 02:49:25'),
(384, 'Jerald Beier MD', 'xanderson@example.org', '2017-07-24 02:49:26', '2017-07-24 02:49:26'),
(385, 'Alexandrea Corwin', 'wschumm@example.net', '2017-07-24 02:49:26', '2017-07-24 02:49:26'),
(386, 'Loren Dooley', 'art.yundt@example.net', '2017-07-24 02:49:26', '2017-07-24 02:49:26'),
(387, 'Birdie Cummings III', 'irath@example.net', '2017-07-24 02:49:26', '2017-07-24 02:49:26'),
(388, 'Victoria Block', 'hodkiewicz.violet@example.com', '2017-07-24 02:49:26', '2017-07-24 02:49:26'),
(389, 'Zack Gleichner', 'willms.bryce@example.org', '2017-07-24 02:49:26', '2017-07-24 02:49:26'),
(390, 'Keagan Abernathy', 'hand.clyde@example.net', '2017-07-24 02:49:26', '2017-07-24 02:49:26'),
(391, 'Favian Schroeder', 'jaron.shields@example.com', '2017-07-24 02:49:26', '2017-07-24 02:49:26'),
(392, 'Brando Lehner Sr.', 'derick.stehr@example.net', '2017-07-24 02:49:26', '2017-07-24 02:49:26'),
(393, 'Ewell Willms', 'whitney.schultz@example.net', '2017-07-24 02:49:26', '2017-07-24 02:49:26'),
(394, 'Dr. Berta Price', 'alayna.torphy@example.net', '2017-07-24 02:49:26', '2017-07-24 02:49:26'),
(395, 'Justice Wuckert DDS', 'mjast@example.org', '2017-07-24 02:49:26', '2017-07-24 02:49:26'),
(396, 'Marty Blick', 'towne.leone@example.com', '2017-07-24 02:49:26', '2017-07-24 02:49:26'),
(397, 'Carolina Wolf', 'katarina89@example.net', '2017-07-24 02:49:26', '2017-07-24 02:49:26'),
(398, 'Layla Strosin', 'lucas74@example.net', '2017-07-24 02:49:26', '2017-07-24 02:49:26'),
(399, 'Prof. Giovani Towne III', 'konopelski.jeanette@example.net', '2017-07-24 02:49:26', '2017-07-24 02:49:26'),
(400, 'Mrs. Pasquale Schmeler PhD', 'guadalupe10@example.com', '2017-07-24 02:49:26', '2017-07-24 02:49:26'),
(401, 'Nadia Larson IV', 'zauer@example.org', '2017-07-24 02:49:26', '2017-07-24 02:49:26'),
(402, 'Miss Britney Bogan PhD', 'margie.connelly@example.net', '2017-07-24 02:49:26', '2017-07-24 02:49:26'),
(403, 'Carter Powlowski', 'ibecker@example.org', '2017-07-24 02:49:26', '2017-07-24 02:49:26'),
(404, 'Khalid Monahan II', 'sim.ebert@example.com', '2017-07-24 02:49:26', '2017-07-24 02:49:26'),
(405, 'Armando Leffler', 'nbosco@example.com', '2017-07-24 02:49:26', '2017-07-24 02:49:26'),
(406, 'Gregoria Walter', 'leif.heller@example.org', '2017-07-24 02:49:26', '2017-07-24 02:49:26'),
(407, 'Mallory Davis', 'schumm.annette@example.com', '2017-07-24 02:49:26', '2017-07-24 02:49:26'),
(408, 'Dr. Quinton Hodkiewicz Sr.', 'jay.moore@example.org', '2017-07-24 02:49:26', '2017-07-24 02:49:26'),
(409, 'Golden Mertz', 'nona87@example.org', '2017-07-24 02:49:26', '2017-07-24 02:49:26'),
(410, 'Mr. Rocky Walsh', 'vena23@example.com', '2017-07-24 02:49:26', '2017-07-24 02:49:26'),
(411, 'Alvah Corkery', 'carleton58@example.net', '2017-07-24 02:49:26', '2017-07-24 02:49:26'),
(412, 'Rachael Cassin', 'jerde.gaylord@example.net', '2017-07-24 02:49:26', '2017-07-24 02:49:26'),
(413, 'Dr. Nicole Koss', 'garry13@example.org', '2017-07-24 02:49:26', '2017-07-24 02:49:26'),
(414, 'Raleigh Mosciski PhD', 'brennan.mcdermott@example.com', '2017-07-24 02:49:26', '2017-07-24 02:49:26'),
(415, 'Garrick Hahn PhD', 'emanuel07@example.net', '2017-07-24 02:49:26', '2017-07-24 02:49:26'),
(416, 'Raymundo Carroll', 'schultz.willy@example.com', '2017-07-24 02:49:26', '2017-07-24 02:49:26'),
(417, 'Mr. Emory Borer Jr.', 'milan.langworth@example.org', '2017-07-24 02:49:26', '2017-07-24 02:49:26'),
(418, 'Isom Reinger', 'rosalia.berge@example.org', '2017-07-24 02:49:26', '2017-07-24 02:49:26'),
(419, 'Nayeli McClure PhD', 'leffler.edmond@example.org', '2017-07-24 02:49:26', '2017-07-24 02:49:26'),
(420, 'Miss Vella Schamberger', 'russel.alberta@example.net', '2017-07-24 02:49:26', '2017-07-24 02:49:26'),
(421, 'Makenzie Kling', 'enrique07@example.com', '2017-07-24 02:49:26', '2017-07-24 02:49:26'),
(422, 'Joany Marquardt', 'prosenbaum@example.net', '2017-07-24 02:49:26', '2017-07-24 02:49:26'),
(423, 'Prof. Brandon Blick MD', 'destiny93@example.com', '2017-07-24 02:49:26', '2017-07-24 02:49:26'),
(424, 'Halle Anderson', 'swaniawski.amani@example.net', '2017-07-24 02:49:26', '2017-07-24 02:49:26'),
(425, 'Libby Friesen', 'kailee00@example.net', '2017-07-24 02:49:26', '2017-07-24 02:49:26'),
(426, 'Juliet Dickinson', 'rachelle.buckridge@example.org', '2017-07-24 02:49:26', '2017-07-24 02:49:26'),
(427, 'Miss April Gutmann', 'leonora42@example.net', '2017-07-24 02:49:26', '2017-07-24 02:49:26'),
(428, 'Prof. Astrid Gleichner', 'marianna.blick@example.org', '2017-07-24 02:49:26', '2017-07-24 02:49:26'),
(429, 'Dr. Einar Block', 'mylene75@example.net', '2017-07-24 02:49:26', '2017-07-24 02:49:26'),
(430, 'Yasmine Gottlieb', 'dashawn16@example.com', '2017-07-24 02:49:26', '2017-07-24 02:49:26'),
(431, 'Dr. Deborah Hahn', 'simone.muller@example.net', '2017-07-24 02:49:26', '2017-07-24 02:49:26'),
(432, 'Domenico Yost', 'jaden26@example.com', '2017-07-24 02:49:26', '2017-07-24 02:49:26'),
(433, 'Ariel Aufderhar', 'bmcglynn@example.com', '2017-07-24 02:49:26', '2017-07-24 02:49:26'),
(434, 'Luna Howe', 'mallie20@example.net', '2017-07-24 02:49:26', '2017-07-24 02:49:26'),
(435, 'Lucile Stiedemann', 'lucile.romaguera@example.net', '2017-07-24 02:49:26', '2017-07-24 02:49:26'),
(436, 'Prof. Elna Stanton', 'lucie31@example.com', '2017-07-24 02:49:26', '2017-07-24 02:49:26'),
(437, 'Ms. Barbara Wintheiser', 'jpowlowski@example.com', '2017-07-24 02:49:26', '2017-07-24 02:49:26'),
(438, 'Jaquan Ebert', 'fstark@example.org', '2017-07-24 02:49:26', '2017-07-24 02:49:26'),
(439, 'Jeffry Jast', 'mabelle15@example.net', '2017-07-24 02:49:26', '2017-07-24 02:49:26'),
(440, 'Mohammad Kuhn', 'mfarrell@example.com', '2017-07-24 02:49:26', '2017-07-24 02:49:26'),
(441, 'Conor Leuschke', 'oconner.orpha@example.com', '2017-07-24 02:49:26', '2017-07-24 02:49:26'),
(442, 'Jeanie Satterfield MD', 'uprohaska@example.net', '2017-07-24 02:49:26', '2017-07-24 02:49:26'),
(443, 'Lauryn Hickle', 'feil.waino@example.com', '2017-07-24 02:49:26', '2017-07-24 02:49:26'),
(444, 'Dr. Bridie Goyette', 'durgan.alessia@example.org', '2017-07-24 02:49:26', '2017-07-24 02:49:26'),
(445, 'Prof. Amir Wilkinson PhD', 'dmoen@example.com', '2017-07-24 02:49:26', '2017-07-24 02:49:26'),
(446, 'Fae Auer V', 'uullrich@example.com', '2017-07-24 02:49:26', '2017-07-24 02:49:26'),
(447, 'Nicole Paucek', 'kameron08@example.org', '2017-07-24 02:49:26', '2017-07-24 02:49:26'),
(448, 'Mrs. Antonietta Jacobs Jr.', 'bdoyle@example.net', '2017-07-24 02:49:26', '2017-07-24 02:49:26'),
(449, 'Verna Schmidt', 'carmella.heller@example.org', '2017-07-24 02:49:26', '2017-07-24 02:49:26'),
(450, 'Ms. Mina Becker III', 'isadore89@example.net', '2017-07-24 02:49:26', '2017-07-24 02:49:26'),
(451, 'Tamara Dare I', 'schneider.giuseppe@example.net', '2017-07-24 02:49:26', '2017-07-24 02:49:26'),
(452, 'Macie Kihn', 'eleanore15@example.net', '2017-07-24 02:49:26', '2017-07-24 02:49:26'),
(453, 'Ashlee Smith', 'rbahringer@example.com', '2017-07-24 02:49:26', '2017-07-24 02:49:26'),
(454, 'Bruce Jakubowski', 'zulauf.marion@example.org', '2017-07-24 02:49:26', '2017-07-24 02:49:26'),
(455, 'Prof. Kendall Jenkins', 'satterfield.friedrich@example.com', '2017-07-24 02:49:26', '2017-07-24 02:49:26'),
(456, 'Yadira Swift', 'raymundo.muller@example.net', '2017-07-24 02:49:26', '2017-07-24 02:49:26'),
(457, 'Mrs. Mayra McCullough', 'graciela.reilly@example.com', '2017-07-24 02:49:26', '2017-07-24 02:49:26'),
(458, 'Nettie Marks III', 'bkirlin@example.com', '2017-07-24 02:49:26', '2017-07-24 02:49:26'),
(459, 'Dr. Earlene Herzog', 'cstiedemann@example.com', '2017-07-24 02:49:26', '2017-07-24 02:49:26'),
(460, 'Maude Mante', 'gayle.gibson@example.org', '2017-07-24 02:49:26', '2017-07-24 02:49:26'),
(461, 'Furman Jast', 'evan.hegmann@example.org', '2017-07-24 02:49:26', '2017-07-24 02:49:26'),
(462, 'Prof. Bertrand Rowe', 'wilhelm23@example.net', '2017-07-24 02:49:26', '2017-07-24 02:49:26'),
(463, 'Jason Parker', 'urodriguez@example.org', '2017-07-24 02:49:26', '2017-07-24 02:49:26'),
(464, 'Cayla Berge PhD', 'melisa.schinner@example.com', '2017-07-24 02:49:26', '2017-07-24 02:49:26'),
(465, 'Vicky Schmeler', 'nedra.vandervort@example.net', '2017-07-24 02:49:26', '2017-07-24 02:49:26'),
(466, 'Ebba Keebler DDS', 'doyle.aylin@example.com', '2017-07-24 02:49:26', '2017-07-24 02:49:26'),
(467, 'Alvis Brakus', 'melisa13@example.org', '2017-07-24 02:49:26', '2017-07-24 02:49:26'),
(468, 'Alvina Kerluke Jr.', 'afeil@example.org', '2017-07-24 02:49:26', '2017-07-24 02:49:26'),
(469, 'Marcella Boehm Sr.', 'lauren73@example.net', '2017-07-24 02:49:26', '2017-07-24 02:49:26'),
(470, 'Edd Hayes', 'qschiller@example.org', '2017-07-24 02:49:26', '2017-07-24 02:49:26'),
(471, 'Dr. Dangelo Nikolaus IV', 'ydavis@example.com', '2017-07-24 02:49:26', '2017-07-24 02:49:26'),
(472, 'Steve Koss', 'modesta44@example.net', '2017-07-24 02:49:26', '2017-07-24 02:49:26'),
(473, 'Ms. Darby Nader I', 'madaline02@example.com', '2017-07-24 02:49:26', '2017-07-24 02:49:26'),
(474, 'Nigel Ward', 'jones.sallie@example.com', '2017-07-24 02:49:26', '2017-07-24 02:49:26'),
(475, 'Lavina Hoppe', 'windler.michelle@example.net', '2017-07-24 02:49:26', '2017-07-24 02:49:26'),
(476, 'Carmen Larkin', 'gbergnaum@example.com', '2017-07-24 02:49:26', '2017-07-24 02:49:26'),
(477, 'Millie Miller IV', 'savanna43@example.com', '2017-07-24 02:49:26', '2017-07-24 02:49:26'),
(478, 'Prof. Lorenz Stehr II', 'usauer@example.com', '2017-07-24 02:49:26', '2017-07-24 02:49:26'),
(479, 'Julian Conroy MD', 'feeney.jedidiah@example.com', '2017-07-24 02:49:26', '2017-07-24 02:49:26'),
(480, 'Judah Rutherford', 'pfannerstill.coleman@example.net', '2017-07-24 02:49:26', '2017-07-24 02:49:26'),
(481, 'Dr. Eveline Metz V', 'simone.lebsack@example.net', '2017-07-24 02:49:26', '2017-07-24 02:49:26'),
(482, 'Dr. Lavina Rosenbaum', 'beatrice.reichel@example.org', '2017-07-24 02:49:26', '2017-07-24 02:49:26'),
(483, 'Fausto Rice', 'loren.cruickshank@example.net', '2017-07-24 02:49:26', '2017-07-24 02:49:26'),
(484, 'Ms. Mylene Armstrong IV', 'torphy.robb@example.com', '2017-07-24 02:49:26', '2017-07-24 02:49:26'),
(485, 'Marques Schaden', 'edison65@example.net', '2017-07-24 02:49:26', '2017-07-24 02:49:26'),
(486, 'Fannie Davis DVM', 'beier.adan@example.net', '2017-07-24 02:49:26', '2017-07-24 02:49:26'),
(487, 'Tanner Beatty MD', 'eloisa.greenholt@example.com', '2017-07-24 02:49:26', '2017-07-24 02:49:26'),
(488, 'Prof. Trenton Hessel IV', 'gutkowski.viola@example.net', '2017-07-24 02:49:26', '2017-07-24 02:49:26'),
(489, 'Karley Witting', 'grant.dolores@example.org', '2017-07-24 02:49:26', '2017-07-24 02:49:26'),
(490, 'Dena Kertzmann', 'rrempel@example.com', '2017-07-24 02:49:26', '2017-07-24 02:49:26'),
(491, 'Dr. Cloyd Ondricka', 'enrique23@example.org', '2017-07-24 02:49:26', '2017-07-24 02:49:26'),
(492, 'Kacie Purdy', 'allan52@example.com', '2017-07-24 02:49:26', '2017-07-24 02:49:26'),
(493, 'Davon Gleason', 'malika.tillman@example.net', '2017-07-24 02:49:26', '2017-07-24 02:49:26'),
(494, 'Mrs. Etha Windler V', 'tre96@example.org', '2017-07-24 02:49:26', '2017-07-24 02:49:26'),
(495, 'Jaylon Cartwright', 'rudolph98@example.com', '2017-07-24 02:49:26', '2017-07-24 02:49:26'),
(496, 'Jamar Klocko', 'jaime.prosacco@example.net', '2017-07-24 02:49:26', '2017-07-24 02:49:26'),
(497, 'Prof. Ernest Cartwright DDS', 'ortiz.nathen@example.net', '2017-07-24 02:49:26', '2017-07-24 02:49:26'),
(498, 'Emelie Waelchi', 'braun.mariana@example.com', '2017-07-24 02:49:26', '2017-07-24 02:49:26'),
(499, 'Maci Hand', 'sauer.gussie@example.net', '2017-07-24 02:49:26', '2017-07-24 02:49:26'),
(500, 'Luther Schoen', 'ischumm@example.com', '2017-07-24 02:49:26', '2017-07-24 02:49:26'),
(501, 'Savion Wilkinson', 'hwunsch@example.org', '2017-07-24 02:49:26', '2017-07-24 02:49:26'),
(502, 'Kelly Weber MD', 'fbuckridge@example.org', '2017-07-24 02:49:26', '2017-07-24 02:49:26'),
(503, 'Kiana Reilly V', 'americo.johnston@example.net', '2017-07-24 02:49:26', '2017-07-24 02:49:26'),
(504, 'Annette Grimes', 'michelle.bergstrom@example.com', '2017-07-24 02:49:26', '2017-07-24 02:49:26'),
(505, 'Prof. Maynard Olson', 'thiel.emilia@example.net', '2017-07-24 02:49:26', '2017-07-24 02:49:26'),
(506, 'Heber Lowe', 'ebba.jerde@example.net', '2017-07-24 02:49:26', '2017-07-24 02:49:26'),
(507, 'Clay Block', 'purdy.cheyenne@example.net', '2017-07-24 02:49:26', '2017-07-24 02:49:26'),
(508, 'Dr. Joesph Goldner', 'elijah51@example.org', '2017-07-24 02:49:26', '2017-07-24 02:49:26'),
(509, 'Ava Bogan Jr.', 'santiago29@example.com', '2017-07-24 02:49:26', '2017-07-24 02:49:26'),
(510, 'Bart Aufderhar', 'cbode@example.org', '2017-07-24 02:49:26', '2017-07-24 02:49:26'),
(511, 'Mr. Howell Brakus', 'merlin.graham@example.com', '2017-07-24 02:49:26', '2017-07-24 02:49:26'),
(512, 'Eden Denesik', 'willy67@example.com', '2017-07-24 02:49:26', '2017-07-24 02:49:26'),
(513, 'Vivienne Anderson Sr.', 'windler.emma@example.net', '2017-07-24 02:49:26', '2017-07-24 02:49:26'),
(514, 'Zoe Considine', 'hudson.johnston@example.net', '2017-07-24 02:49:26', '2017-07-24 02:49:26');
INSERT INTO `serversides` (`id`, `name`, `email`, `created_at`, `updated_at`) VALUES
(515, 'Earlene Kulas', 'agutmann@example.org', '2017-07-24 02:49:26', '2017-07-24 02:49:26'),
(516, 'Garnett Harris', 'elenora02@example.com', '2017-07-24 02:49:26', '2017-07-24 02:49:26'),
(517, 'Meghan Turner', 'ceffertz@example.org', '2017-07-24 02:49:26', '2017-07-24 02:49:26'),
(518, 'Nikko Howell', 'leola.price@example.org', '2017-07-24 02:49:26', '2017-07-24 02:49:26'),
(519, 'Mr. Rusty Flatley', 'frami.easter@example.net', '2017-07-24 02:49:26', '2017-07-24 02:49:26'),
(520, 'Miss Keira Schamberger Sr.', 'era09@example.org', '2017-07-24 02:49:26', '2017-07-24 02:49:26'),
(521, 'Dina Christiansen V', 'thora74@example.com', '2017-07-24 02:49:26', '2017-07-24 02:49:26'),
(522, 'Reagan Lemke', 'calista.mcdermott@example.org', '2017-07-24 02:49:26', '2017-07-24 02:49:26'),
(523, 'Camryn Kuhic DDS', 'qwiza@example.com', '2017-07-24 02:49:26', '2017-07-24 02:49:26'),
(524, 'Dr. Jeffrey Jones', 'rosalyn.schroeder@example.com', '2017-07-24 02:49:26', '2017-07-24 02:49:26'),
(525, 'Keon Wilderman', 'becker.rosamond@example.org', '2017-07-24 02:49:26', '2017-07-24 02:49:26'),
(526, 'Celestine Emard', 'therese42@example.net', '2017-07-24 02:49:26', '2017-07-24 02:49:26'),
(527, 'Pinkie Heathcote', 'rempel.myron@example.net', '2017-07-24 02:49:26', '2017-07-24 02:49:26'),
(528, 'Vida Ullrich', 'aroob@example.com', '2017-07-24 02:49:26', '2017-07-24 02:49:26'),
(529, 'Lyda Prosacco', 'adams.maria@example.com', '2017-07-24 02:49:26', '2017-07-24 02:49:26'),
(530, 'Prof. Marge McLaughlin Jr.', 'clifton.gislason@example.org', '2017-07-24 02:49:26', '2017-07-24 02:49:26'),
(531, 'Ms. Marcelle Pacocha', 'eula80@example.net', '2017-07-24 02:49:26', '2017-07-24 02:49:26'),
(532, 'Dr. Kendra Block', 'loren.renner@example.com', '2017-07-24 02:49:26', '2017-07-24 02:49:26'),
(533, 'Jett Stroman', 'maggio.freeda@example.net', '2017-07-24 02:49:26', '2017-07-24 02:49:26'),
(534, 'Savannah Dickens II', 'sdietrich@example.com', '2017-07-24 02:49:26', '2017-07-24 02:49:26'),
(535, 'Lucius Kuphal IV', 'gerhold.athena@example.com', '2017-07-24 02:49:26', '2017-07-24 02:49:26'),
(536, 'Prof. Lavada Yost', 'heloise58@example.net', '2017-07-24 02:49:26', '2017-07-24 02:49:26'),
(537, 'Mr. Dayton Feil', 'eugenia.huel@example.org', '2017-07-24 02:49:26', '2017-07-24 02:49:26'),
(538, 'Prof. Gabriella Howe', 'thora82@example.com', '2017-07-24 02:49:26', '2017-07-24 02:49:26'),
(539, 'Emmett Runte', 'jtorp@example.net', '2017-07-24 02:49:26', '2017-07-24 02:49:26'),
(540, 'Dr. Jordon Dach V', 'bconroy@example.net', '2017-07-24 02:49:26', '2017-07-24 02:49:26'),
(541, 'Fannie Hilll', 'zander26@example.org', '2017-07-24 02:49:26', '2017-07-24 02:49:26'),
(542, 'Christophe Brakus', 'nikolaus.libby@example.net', '2017-07-24 02:49:26', '2017-07-24 02:49:26'),
(543, 'Daija Wiegand', 'carlos31@example.net', '2017-07-24 02:49:26', '2017-07-24 02:49:26'),
(544, 'Henry Thompson', 'chyna42@example.org', '2017-07-24 02:49:26', '2017-07-24 02:49:26'),
(545, 'Viva Leuschke', 'ruthie78@example.com', '2017-07-24 02:49:26', '2017-07-24 02:49:26'),
(546, 'Mr. Donny Kozey', 'prosacco.blake@example.com', '2017-07-24 02:49:26', '2017-07-24 02:49:26'),
(547, 'Johan Collins', 'herminia70@example.org', '2017-07-24 02:49:26', '2017-07-24 02:49:26'),
(548, 'Mylene Johnson II', 'maxine41@example.com', '2017-07-24 02:49:26', '2017-07-24 02:49:26'),
(549, 'Trisha Hegmann', 'gulgowski.stephany@example.org', '2017-07-24 02:49:26', '2017-07-24 02:49:26'),
(550, 'Vita Blick', 'tdaniel@example.com', '2017-07-24 02:49:26', '2017-07-24 02:49:26'),
(551, 'Vincent Howell', 'jesse43@example.org', '2017-07-24 02:49:26', '2017-07-24 02:49:26'),
(552, 'Ignatius O''Conner', 'swaniawski.fannie@example.net', '2017-07-24 02:49:26', '2017-07-24 02:49:26'),
(553, 'Prof. Nathan Schamberger DVM', 'ernie.west@example.com', '2017-07-24 02:49:26', '2017-07-24 02:49:26'),
(554, 'Dakota Schoen', 'fmonahan@example.org', '2017-07-24 02:49:26', '2017-07-24 02:49:26'),
(555, 'Precious Cartwright', 'koepp.selmer@example.net', '2017-07-24 02:49:26', '2017-07-24 02:49:26'),
(556, 'Keshawn Hessel', 'magnolia52@example.net', '2017-07-24 02:49:26', '2017-07-24 02:49:26'),
(557, 'Godfrey Feil', 'deven.adams@example.org', '2017-07-24 02:49:26', '2017-07-24 02:49:26'),
(558, 'Violette Treutel', 'qherzog@example.org', '2017-07-24 02:49:26', '2017-07-24 02:49:26'),
(559, 'Itzel Stroman', 'jaylin44@example.com', '2017-07-24 02:49:26', '2017-07-24 02:49:26'),
(560, 'Jorge Nienow', 'chelsie18@example.net', '2017-07-24 02:49:26', '2017-07-24 02:49:26'),
(561, 'Miss Kristin Gerlach', 'awilkinson@example.net', '2017-07-24 02:49:26', '2017-07-24 02:49:26'),
(562, 'Dr. Imelda Dickens IV', 'cartwright.blanca@example.org', '2017-07-24 02:49:26', '2017-07-24 02:49:26'),
(563, 'Mr. Jarrell Heller', 'mtorphy@example.net', '2017-07-24 02:49:26', '2017-07-24 02:49:26'),
(564, 'Dr. Trey Hirthe', 'armani.kuphal@example.com', '2017-07-24 02:49:26', '2017-07-24 02:49:26'),
(565, 'Haleigh Koelpin', 'davin18@example.com', '2017-07-24 02:49:26', '2017-07-24 02:49:26'),
(566, 'Mrs. Christa Oberbrunner', 'kian58@example.org', '2017-07-24 02:49:26', '2017-07-24 02:49:26'),
(567, 'Dr. Edythe Rolfson V', 'crooks.josianne@example.com', '2017-07-24 02:49:26', '2017-07-24 02:49:26'),
(568, 'Ms. Aglae Kuhn DDS', 'tborer@example.com', '2017-07-24 02:49:26', '2017-07-24 02:49:26'),
(569, 'Prof. Hans Walter PhD', 'boehm.winfield@example.net', '2017-07-24 02:49:26', '2017-07-24 02:49:26'),
(570, 'Kaci Gusikowski', 'fnienow@example.com', '2017-07-24 02:49:26', '2017-07-24 02:49:26'),
(571, 'Dr. Gunnar Wolff III', 'emelia48@example.org', '2017-07-24 02:49:26', '2017-07-24 02:49:26'),
(572, 'Kelsie Harris', 'cheidenreich@example.net', '2017-07-24 02:49:26', '2017-07-24 02:49:26'),
(573, 'Akeem Stehr', 'oliver.kub@example.com', '2017-07-24 02:49:26', '2017-07-24 02:49:26'),
(574, 'Elissa Fay', 'lang.jocelyn@example.net', '2017-07-24 02:49:26', '2017-07-24 02:49:26'),
(575, 'Jennyfer Okuneva', 'pollich.kyler@example.org', '2017-07-24 02:49:26', '2017-07-24 02:49:26'),
(576, 'Madisen Kunze', 'sbrekke@example.com', '2017-07-24 02:49:26', '2017-07-24 02:49:26'),
(577, 'Macy Kerluke', 'ariel.erdman@example.org', '2017-07-24 02:49:26', '2017-07-24 02:49:26'),
(578, 'Edwardo Lowe I', 'jjohnston@example.net', '2017-07-24 02:49:26', '2017-07-24 02:49:26'),
(579, 'Shyann Bogan', 'jennyfer44@example.org', '2017-07-24 02:49:26', '2017-07-24 02:49:26'),
(580, 'Dr. Virgil Konopelski', 'myriam44@example.net', '2017-07-24 02:49:26', '2017-07-24 02:49:26'),
(581, 'Ethan Mosciski', 'johara@example.net', '2017-07-24 02:49:26', '2017-07-24 02:49:26'),
(582, 'Cleta Weber I', 'sammie.pfeffer@example.org', '2017-07-24 02:49:26', '2017-07-24 02:49:26'),
(583, 'Mollie Sauer', 'jeromy68@example.net', '2017-07-24 02:49:26', '2017-07-24 02:49:26'),
(584, 'Lucinda Harris', 'nina94@example.net', '2017-07-24 02:49:26', '2017-07-24 02:49:26'),
(585, 'Haleigh Koelpin V', 'antone.spencer@example.net', '2017-07-24 02:49:26', '2017-07-24 02:49:26'),
(586, 'Hadley Mitchell', 'ole.carter@example.net', '2017-07-24 02:49:26', '2017-07-24 02:49:26'),
(587, 'Amelia Anderson', 'muller.kayleigh@example.net', '2017-07-24 02:49:26', '2017-07-24 02:49:26'),
(588, 'Scotty Davis', 'oconnell.letitia@example.com', '2017-07-24 02:49:26', '2017-07-24 02:49:26'),
(589, 'Miss Lucy Mayert I', 'ettie65@example.org', '2017-07-24 02:49:26', '2017-07-24 02:49:26'),
(590, 'Michel Goyette', 'matteo50@example.org', '2017-07-24 02:49:26', '2017-07-24 02:49:26'),
(591, 'Prof. Lemuel Beier DVM', 'skye.prohaska@example.org', '2017-07-24 02:49:26', '2017-07-24 02:49:26'),
(592, 'Newell Hermiston', 'berneice95@example.net', '2017-07-24 02:49:26', '2017-07-24 02:49:26'),
(593, 'Dr. Jarret Ziemann DVM', 'alexandra58@example.org', '2017-07-24 02:49:26', '2017-07-24 02:49:26'),
(594, 'Della Rice IV', 'hsanford@example.net', '2017-07-24 02:49:26', '2017-07-24 02:49:26'),
(595, 'Dr. Mckenzie Quitzon', 'reinger.karolann@example.org', '2017-07-24 02:49:26', '2017-07-24 02:49:26'),
(596, 'Mr. Tristin Feil Jr.', 'jason72@example.org', '2017-07-24 02:49:27', '2017-07-24 02:49:27'),
(597, 'Sim Wunsch', 'pwiza@example.com', '2017-07-24 02:49:27', '2017-07-24 02:49:27'),
(598, 'Talon Adams', 'pauline75@example.net', '2017-07-24 02:49:27', '2017-07-24 02:49:27'),
(599, 'Ms. Jeanie Bernhard Jr.', 'amiya.hermann@example.com', '2017-07-24 02:49:27', '2017-07-24 02:49:27'),
(600, 'Duncan Kuhn', 'sraynor@example.net', '2017-07-24 02:49:27', '2017-07-24 02:49:27'),
(601, 'Rachel Rice', 'pbarton@example.org', '2017-07-24 02:49:27', '2017-07-24 02:49:27'),
(602, 'Vicente Wunsch', 'kathryne.jones@example.org', '2017-07-24 02:49:27', '2017-07-24 02:49:27'),
(603, 'Alycia Hettinger IV', 'tstanton@example.org', '2017-07-24 02:49:27', '2017-07-24 02:49:27'),
(604, 'Miss Gisselle Corwin MD', 'drobel@example.com', '2017-07-24 02:49:27', '2017-07-24 02:49:27'),
(605, 'Prof. Dexter Kuhlman', 'frederic09@example.org', '2017-07-24 02:49:27', '2017-07-24 02:49:27'),
(606, 'Carley Feil DVM', 'sheaney@example.net', '2017-07-24 02:49:27', '2017-07-24 02:49:27'),
(607, 'Dr. Bonnie Wyman', 'stoltenberg.lawrence@example.net', '2017-07-24 02:49:27', '2017-07-24 02:49:27'),
(608, 'Salma Olson', 'qlakin@example.net', '2017-07-24 02:49:27', '2017-07-24 02:49:27'),
(609, 'Rosemary Halvorson', 'orn.reyna@example.org', '2017-07-24 02:49:27', '2017-07-24 02:49:27'),
(610, 'Oda Watsica', 'ipredovic@example.org', '2017-07-24 02:49:27', '2017-07-24 02:49:27'),
(611, 'Prof. Viviane Blanda MD', 'vjaskolski@example.org', '2017-07-24 02:49:27', '2017-07-24 02:49:27'),
(612, 'Ozella Mueller', 'dmills@example.com', '2017-07-24 02:49:27', '2017-07-24 02:49:27'),
(613, 'Evert Tromp', 'ledner.ramona@example.org', '2017-07-24 02:49:27', '2017-07-24 02:49:27'),
(614, 'Mrs. Fay Stroman', 'wgraham@example.org', '2017-07-24 02:49:27', '2017-07-24 02:49:27'),
(615, 'Sigmund Littel', 'tkeebler@example.net', '2017-07-24 02:49:27', '2017-07-24 02:49:27'),
(616, 'Myrtice Dickinson', 'kirlin.geo@example.org', '2017-07-24 02:49:27', '2017-07-24 02:49:27'),
(617, 'Damaris Hickle', 'kuhic.garrett@example.net', '2017-07-24 02:49:27', '2017-07-24 02:49:27'),
(618, 'Mae Anderson I', 'candice.rutherford@example.org', '2017-07-24 02:49:27', '2017-07-24 02:49:27'),
(619, 'Trevor Turner', 'cristobal.barton@example.net', '2017-07-24 02:49:27', '2017-07-24 02:49:27'),
(620, 'Austyn Hayes', 'leonora56@example.org', '2017-07-24 02:49:27', '2017-07-24 02:49:27'),
(621, 'Mr. Douglas Lindgren', 'arden18@example.com', '2017-07-24 02:49:27', '2017-07-24 02:49:27'),
(622, 'Domingo Berge', 'deron70@example.net', '2017-07-24 02:49:27', '2017-07-24 02:49:27'),
(623, 'Ms. Bernice Mayer', 'qpfeffer@example.net', '2017-07-24 02:49:27', '2017-07-24 02:49:27'),
(624, 'Allison Daniel PhD', 'cgerhold@example.org', '2017-07-24 02:49:27', '2017-07-24 02:49:27'),
(625, 'Jillian Wunsch', 'margaretta.schuppe@example.org', '2017-07-24 02:49:27', '2017-07-24 02:49:27'),
(626, 'Prof. Rosella Zboncak DDS', 'psmith@example.net', '2017-07-24 02:49:27', '2017-07-24 02:49:27'),
(627, 'Frederic Parisian', 'vconsidine@example.org', '2017-07-24 02:49:27', '2017-07-24 02:49:27'),
(628, 'Mrs. Cordia Morar', 'cody.lindgren@example.net', '2017-07-24 02:49:27', '2017-07-24 02:49:27'),
(629, 'Corene Wolff', 'connie09@example.com', '2017-07-24 02:49:27', '2017-07-24 02:49:27'),
(630, 'Lacey O''Kon', 'wernser@example.net', '2017-07-24 02:49:27', '2017-07-24 02:49:27'),
(631, 'Mr. Gustave Auer', 'parker.kacey@example.com', '2017-07-24 02:49:27', '2017-07-24 02:49:27'),
(632, 'Miss Brandyn Morar DDS', 'fhermann@example.net', '2017-07-24 02:49:27', '2017-07-24 02:49:27'),
(633, 'Jarrod Hane', 'yundt.florine@example.net', '2017-07-24 02:49:27', '2017-07-24 02:49:27'),
(634, 'Miss Estefania Haag Sr.', 'ashly78@example.com', '2017-07-24 02:49:27', '2017-07-24 02:49:27'),
(635, 'Monique Herzog', 'jlangosh@example.net', '2017-07-24 02:49:27', '2017-07-24 02:49:27'),
(636, 'Miss Mercedes Jaskolski', 'hortense68@example.net', '2017-07-24 02:49:27', '2017-07-24 02:49:27'),
(637, 'Keyshawn Balistreri', 'taya.heidenreich@example.org', '2017-07-24 02:49:27', '2017-07-24 02:49:27'),
(638, 'Dr. Fredy Moore', 'clemmie86@example.com', '2017-07-24 02:49:27', '2017-07-24 02:49:27'),
(639, 'Jeff Buckridge', 'powlowski.talia@example.org', '2017-07-24 02:49:27', '2017-07-24 02:49:27'),
(640, 'Coralie Cummerata', 'aileen35@example.com', '2017-07-24 02:49:27', '2017-07-24 02:49:27'),
(641, 'Dr. Keenan Quigley II', 'maddison.shanahan@example.org', '2017-07-24 02:49:27', '2017-07-24 02:49:27'),
(642, 'Christian Hettinger', 'cummings.kyleigh@example.com', '2017-07-24 02:49:27', '2017-07-24 02:49:27'),
(643, 'Prof. Maverick Ratke', 'ibalistreri@example.com', '2017-07-24 02:49:27', '2017-07-24 02:49:27'),
(644, 'Bettie Dicki', 'ankunding.keely@example.org', '2017-07-24 02:49:27', '2017-07-24 02:49:27'),
(645, 'Mr. Colt Bashirian', 'cheyenne30@example.net', '2017-07-24 02:49:27', '2017-07-24 02:49:27'),
(646, 'Scottie Feil', 'guiseppe42@example.org', '2017-07-24 02:49:27', '2017-07-24 02:49:27'),
(647, 'Ahmad Cartwright', 'helen86@example.net', '2017-07-24 02:49:27', '2017-07-24 02:49:27'),
(648, 'Saige Anderson', 'sigrid66@example.com', '2017-07-24 02:49:27', '2017-07-24 02:49:27'),
(649, 'Erwin Schiller', 'hansen.marcelo@example.com', '2017-07-24 02:49:27', '2017-07-24 02:49:27'),
(650, 'Angela Dooley', 'cassin.golda@example.net', '2017-07-24 02:49:27', '2017-07-24 02:49:27'),
(651, 'Telly Beahan', 'gregory.pagac@example.org', '2017-07-24 02:49:27', '2017-07-24 02:49:27'),
(652, 'Gerson Lehner', 'stanton33@example.org', '2017-07-24 02:49:27', '2017-07-24 02:49:27'),
(653, 'Juwan Stokes Jr.', 'bryce.osinski@example.org', '2017-07-24 02:49:27', '2017-07-24 02:49:27'),
(654, 'Dr. Amiya Connelly', 'cristian.schaefer@example.com', '2017-07-24 02:49:27', '2017-07-24 02:49:27'),
(655, 'Ms. Ada Hansen Sr.', 'herminio77@example.net', '2017-07-24 02:49:27', '2017-07-24 02:49:27'),
(656, 'Kendall Kihn', 'kim09@example.org', '2017-07-24 02:49:27', '2017-07-24 02:49:27'),
(657, 'Prof. Madaline Lesch', 'rupert.king@example.com', '2017-07-24 02:49:27', '2017-07-24 02:49:27'),
(658, 'Aisha Fritsch', 'kautzer.marty@example.net', '2017-07-24 02:49:27', '2017-07-24 02:49:27'),
(659, 'Joyce McClure', 'arlie.schultz@example.com', '2017-07-24 02:49:27', '2017-07-24 02:49:27'),
(660, 'Fay Johnson', 'hayley44@example.com', '2017-07-24 02:49:27', '2017-07-24 02:49:27'),
(661, 'Sam Mayer', 'gaetano.kilback@example.com', '2017-07-24 02:49:27', '2017-07-24 02:49:27'),
(662, 'Mrs. Amanda Kihn II', 'zkassulke@example.net', '2017-07-24 02:49:27', '2017-07-24 02:49:27'),
(663, 'Ruby DuBuque', 'dwillms@example.net', '2017-07-24 02:49:27', '2017-07-24 02:49:27'),
(664, 'Mr. Abelardo McLaughlin', 'grady.crist@example.org', '2017-07-24 02:49:27', '2017-07-24 02:49:27'),
(665, 'Delphine Bartell', 'dzboncak@example.com', '2017-07-24 02:49:27', '2017-07-24 02:49:27'),
(666, 'Cleora Daniel', 'axel15@example.net', '2017-07-24 02:49:27', '2017-07-24 02:49:27'),
(667, 'Elaina Frami', 'mayer.rae@example.com', '2017-07-24 02:49:27', '2017-07-24 02:49:27'),
(668, 'John Hirthe', 'lourdes90@example.net', '2017-07-24 02:49:27', '2017-07-24 02:49:27'),
(669, 'Jess Heathcote', 'mikel18@example.com', '2017-07-24 02:49:27', '2017-07-24 02:49:27'),
(670, 'Ova Altenwerth Jr.', 'schamberger.benny@example.org', '2017-07-24 02:49:27', '2017-07-24 02:49:27'),
(671, 'Dakota Fadel', 'candace30@example.org', '2017-07-24 02:49:27', '2017-07-24 02:49:27'),
(672, 'Dr. Mateo Grimes PhD', 'kacie.blick@example.org', '2017-07-24 02:49:27', '2017-07-24 02:49:27'),
(673, 'Maxwell Kuhn', 'dalton.lesch@example.net', '2017-07-24 02:49:27', '2017-07-24 02:49:27'),
(674, 'Mr. Clemens Witting Jr.', 'kfritsch@example.net', '2017-07-24 02:49:27', '2017-07-24 02:49:27'),
(675, 'Prof. Colleen Grant', 'paucek.alia@example.com', '2017-07-24 02:49:27', '2017-07-24 02:49:27'),
(676, 'Pierce Wintheiser', 'jalyn99@example.org', '2017-07-24 02:49:27', '2017-07-24 02:49:27'),
(677, 'Eriberto Runte', 'linnea.bartell@example.net', '2017-07-24 02:49:27', '2017-07-24 02:49:27'),
(678, 'Etha Jerde', 'rmckenzie@example.net', '2017-07-24 02:49:27', '2017-07-24 02:49:27'),
(679, 'Harmony Marquardt', 'fkunde@example.org', '2017-07-24 02:49:27', '2017-07-24 02:49:27'),
(680, 'Sean Jenkins', 'qharber@example.com', '2017-07-24 02:49:27', '2017-07-24 02:49:27'),
(681, 'Urban Bradtke PhD', 'zswaniawski@example.net', '2017-07-24 02:49:27', '2017-07-24 02:49:27'),
(682, 'Libby Will', 'folson@example.org', '2017-07-24 02:49:27', '2017-07-24 02:49:27'),
(683, 'Marshall Hartmann', 'althea70@example.com', '2017-07-24 02:49:27', '2017-07-24 02:49:27'),
(684, 'Dr. Emilio Hoppe', 'america41@example.com', '2017-07-24 02:49:27', '2017-07-24 02:49:27'),
(685, 'Emelia DuBuque', 'angelina.hudson@example.org', '2017-07-24 02:49:27', '2017-07-24 02:49:27'),
(686, 'Mr. Newell Mosciski DVM', 'kreiger.ericka@example.com', '2017-07-24 02:49:27', '2017-07-24 02:49:27'),
(687, 'Chester Kautzer MD', 'ewintheiser@example.com', '2017-07-24 02:49:27', '2017-07-24 02:49:27'),
(688, 'Saul Nicolas', 'jarrett.bashirian@example.org', '2017-07-24 02:49:27', '2017-07-24 02:49:27'),
(689, 'Brown Marks', 'dicki.destini@example.com', '2017-07-24 02:49:27', '2017-07-24 02:49:27'),
(690, 'Horace Nicolas', 'kjacobs@example.net', '2017-07-24 02:49:27', '2017-07-24 02:49:27'),
(691, 'Drake Nikolaus', 'pgrant@example.com', '2017-07-24 02:49:27', '2017-07-24 02:49:27'),
(692, 'Florida Stanton', 'nolan.katelyn@example.com', '2017-07-24 02:49:27', '2017-07-24 02:49:27'),
(693, 'Mr. Joseph Cartwright', 'abdullah.crist@example.com', '2017-07-24 02:49:27', '2017-07-24 02:49:27'),
(694, 'Dr. Elinore Hudson Sr.', 'parisian.winnifred@example.org', '2017-07-24 02:49:27', '2017-07-24 02:49:27'),
(695, 'Wayne Lowe V', 'esmeralda.reilly@example.net', '2017-07-24 02:49:27', '2017-07-24 02:49:27'),
(696, 'Mackenzie Dickens', 'rebeka61@example.org', '2017-07-24 02:49:27', '2017-07-24 02:49:27'),
(697, 'Mrs. Dixie Turcotte III', 'shaylee.lehner@example.com', '2017-07-24 02:49:27', '2017-07-24 02:49:27'),
(698, 'Leon Mayer DVM', 'kuhlman.brooks@example.org', '2017-07-24 02:49:27', '2017-07-24 02:49:27'),
(699, 'Mya Stiedemann', 'jeromy.swaniawski@example.com', '2017-07-24 02:49:27', '2017-07-24 02:49:27'),
(700, 'Ms. Alexandria Hermann', 'mrice@example.org', '2017-07-24 02:49:27', '2017-07-24 02:49:27'),
(701, 'Justus Gerhold', 'aidan.hintz@example.net', '2017-07-24 02:49:27', '2017-07-24 02:49:27'),
(702, 'Vinnie Watsica', 'predovic.ubaldo@example.net', '2017-07-24 02:49:27', '2017-07-24 02:49:27'),
(703, 'Loma Spencer', 'adam46@example.net', '2017-07-24 02:49:27', '2017-07-24 02:49:27'),
(704, 'Lorine Braun', 'pparker@example.net', '2017-07-24 02:49:27', '2017-07-24 02:49:27'),
(705, 'Lera O''Reilly', 'zwunsch@example.org', '2017-07-24 02:49:27', '2017-07-24 02:49:27'),
(706, 'Xander Beahan', 'demarcus13@example.com', '2017-07-24 02:49:27', '2017-07-24 02:49:27'),
(707, 'Prof. Erika Osinski', 'karlee73@example.net', '2017-07-24 02:49:27', '2017-07-24 02:49:27'),
(708, 'Miss Sister Kub', 'cjaskolski@example.org', '2017-07-24 02:49:27', '2017-07-24 02:49:27'),
(709, 'Hailie Hilll', 'ggoyette@example.org', '2017-07-24 02:49:27', '2017-07-24 02:49:27'),
(710, 'Prof. Nathan Gislason', 'zjohnson@example.com', '2017-07-24 02:49:27', '2017-07-24 02:49:27'),
(711, 'Mrs. Ashlynn Reynolds', 'prosacco.thomas@example.com', '2017-07-24 02:49:27', '2017-07-24 02:49:27'),
(712, 'Georgianna King IV', 'raleigh63@example.net', '2017-07-24 02:49:27', '2017-07-24 02:49:27'),
(713, 'Hildegard Abshire', 'schmitt.muriel@example.net', '2017-07-24 02:49:27', '2017-07-24 02:49:27'),
(714, 'Dr. Rowan Denesik Jr.', 'velda26@example.net', '2017-07-24 02:49:27', '2017-07-24 02:49:27'),
(715, 'Mohammed Rolfson', 'ernser.pat@example.com', '2017-07-24 02:49:27', '2017-07-24 02:49:27'),
(716, 'Alfonso Moore', 'shanie48@example.com', '2017-07-24 02:49:27', '2017-07-24 02:49:27'),
(717, 'Joy Bednar', 'adams.lilly@example.com', '2017-07-24 02:49:27', '2017-07-24 02:49:27'),
(718, 'Prof. Isai Brakus', 'ebert.sanford@example.net', '2017-07-24 02:49:27', '2017-07-24 02:49:27'),
(719, 'Mr. Dock Mayer V', 'crystal.collier@example.com', '2017-07-24 02:49:27', '2017-07-24 02:49:27'),
(720, 'Santino Kessler', 'kurtis97@example.net', '2017-07-24 02:49:27', '2017-07-24 02:49:27'),
(721, 'Prof. Hailee Herman V', 'aurelia70@example.com', '2017-07-24 02:49:27', '2017-07-24 02:49:27'),
(722, 'Easter Kessler I', 'lbogisich@example.com', '2017-07-24 02:49:27', '2017-07-24 02:49:27'),
(723, 'Ernest Cruickshank', 'gail23@example.net', '2017-07-24 02:49:27', '2017-07-24 02:49:27'),
(724, 'Shea Harvey', 'ckuphal@example.com', '2017-07-24 02:49:27', '2017-07-24 02:49:27'),
(725, 'Prof. Cleveland Oberbrunner DVM', 'lbartell@example.com', '2017-07-24 02:49:27', '2017-07-24 02:49:27'),
(726, 'Cade Koss', 'wwaters@example.org', '2017-07-24 02:49:27', '2017-07-24 02:49:27'),
(727, 'Miss Kelly Graham', 'mcclure.eudora@example.com', '2017-07-24 02:49:27', '2017-07-24 02:49:27'),
(728, 'Kole VonRueden', 'hluettgen@example.net', '2017-07-24 02:49:27', '2017-07-24 02:49:27'),
(729, 'Loraine Russel I', 'ratke.ruthie@example.org', '2017-07-24 02:49:27', '2017-07-24 02:49:27'),
(730, 'Dr. Rigoberto Haag', 'grodriguez@example.net', '2017-07-24 02:49:27', '2017-07-24 02:49:27'),
(731, 'Ms. Crystal Gorczany DVM', 'roscoe01@example.org', '2017-07-24 02:49:27', '2017-07-24 02:49:27'),
(732, 'Dr. Alexandrea Kreiger', 'pmosciski@example.net', '2017-07-24 02:49:27', '2017-07-24 02:49:27'),
(733, 'Miss Retha Conroy DDS', 'owolf@example.com', '2017-07-24 02:49:27', '2017-07-24 02:49:27'),
(734, 'Johnson O''Hara', 'tkoelpin@example.net', '2017-07-24 02:49:27', '2017-07-24 02:49:27'),
(735, 'Gloria McKenzie', 'botsford.issac@example.org', '2017-07-24 02:49:27', '2017-07-24 02:49:27'),
(736, 'Prof. Lorenzo Tillman PhD', 'kulas.jerad@example.org', '2017-07-24 02:49:27', '2017-07-24 02:49:27'),
(737, 'Tyrell Mann PhD', 'jeff.gaylord@example.com', '2017-07-24 02:49:27', '2017-07-24 02:49:27'),
(738, 'Celestine Mann II', 'queen.kuphal@example.com', '2017-07-24 02:49:27', '2017-07-24 02:49:27'),
(739, 'Brandon Fadel', 'stuart39@example.org', '2017-07-24 02:49:27', '2017-07-24 02:49:27'),
(740, 'Raphael Ondricka DDS', 'shawn.ebert@example.com', '2017-07-24 02:49:27', '2017-07-24 02:49:27'),
(741, 'Carolyn King', 'rene75@example.com', '2017-07-24 02:49:27', '2017-07-24 02:49:27'),
(742, 'Florencio Gislason', 'lonny.cremin@example.net', '2017-07-24 02:49:27', '2017-07-24 02:49:27'),
(743, 'Madelynn Herzog', 'mkihn@example.com', '2017-07-24 02:49:27', '2017-07-24 02:49:27'),
(744, 'Dr. Dalton Rosenbaum', 'vgulgowski@example.org', '2017-07-24 02:49:27', '2017-07-24 02:49:27'),
(745, 'Matilda Lynch', 'fwitting@example.com', '2017-07-24 02:49:27', '2017-07-24 02:49:27'),
(746, 'Mrs. Magdalena Nicolas', 'igislason@example.org', '2017-07-24 02:49:27', '2017-07-24 02:49:27'),
(747, 'Ms. Jannie West III', 'purdy.nelson@example.net', '2017-07-24 02:49:27', '2017-07-24 02:49:27'),
(748, 'King Homenick', 'rodriguez.sim@example.net', '2017-07-24 02:49:27', '2017-07-24 02:49:27'),
(749, 'Kelsie Barrows', 'idibbert@example.com', '2017-07-24 02:49:27', '2017-07-24 02:49:27'),
(750, 'Edward Mueller', 'eeichmann@example.com', '2017-07-24 02:49:27', '2017-07-24 02:49:27'),
(751, 'Linwood Wolf PhD', 'lisandro.pouros@example.com', '2017-07-24 02:49:27', '2017-07-24 02:49:27'),
(752, 'Sarina Paucek', 'trinity86@example.com', '2017-07-24 02:49:27', '2017-07-24 02:49:27'),
(753, 'Emmy Pfannerstill', 'cartwright.zakary@example.org', '2017-07-24 02:49:27', '2017-07-24 02:49:27'),
(754, 'Danielle Corwin', 'annamae.wolf@example.net', '2017-07-24 02:49:27', '2017-07-24 02:49:27'),
(755, 'Twila Gottlieb', 'tpagac@example.org', '2017-07-24 02:49:27', '2017-07-24 02:49:27'),
(756, 'Eddie Kerluke MD', 'xwalter@example.org', '2017-07-24 02:49:27', '2017-07-24 02:49:27'),
(757, 'Nyah Carter IV', 'schneider.alice@example.com', '2017-07-24 02:49:27', '2017-07-24 02:49:27'),
(758, 'Alejandra Bradtke IV', 'dion97@example.com', '2017-07-24 02:49:27', '2017-07-24 02:49:27'),
(759, 'Lexi Strosin', 'rcarroll@example.com', '2017-07-24 02:49:27', '2017-07-24 02:49:27'),
(760, 'Caesar Ondricka', 'kunde.genevieve@example.net', '2017-07-24 02:49:27', '2017-07-24 02:49:27'),
(761, 'Kurt Sanford', 'dorothea.cremin@example.com', '2017-07-24 02:49:27', '2017-07-24 02:49:27'),
(762, 'Dr. Antonina Schimmel', 'hoberbrunner@example.org', '2017-07-24 02:49:27', '2017-07-24 02:49:27'),
(763, 'Miss Kenyatta DuBuque MD', 'pfeffer.aryanna@example.org', '2017-07-24 02:49:27', '2017-07-24 02:49:27'),
(764, 'River Cole', 'kendrick.trantow@example.com', '2017-07-24 02:49:27', '2017-07-24 02:49:27'),
(765, 'Alexanne Lockman', 'dejon58@example.net', '2017-07-24 02:49:27', '2017-07-24 02:49:27'),
(766, 'Dr. Jordane Stehr', 'casper.kasey@example.net', '2017-07-24 02:49:27', '2017-07-24 02:49:27'),
(767, 'Serenity Kub', 'raleigh52@example.net', '2017-07-24 02:49:27', '2017-07-24 02:49:27'),
(768, 'Jayce Roberts', 'lind.emmett@example.net', '2017-07-24 02:49:27', '2017-07-24 02:49:27'),
(769, 'Zackery Bartell MD', 'kirstin.hirthe@example.com', '2017-07-24 02:49:27', '2017-07-24 02:49:27'),
(770, 'Jermaine Treutel', 'olson.isabella@example.net', '2017-07-24 02:49:27', '2017-07-24 02:49:27'),
(771, 'Electa Konopelski', 'kunde.kathryn@example.com', '2017-07-24 02:49:27', '2017-07-24 02:49:27'),
(772, 'Kyra White', 'price.mckenna@example.com', '2017-07-24 02:49:27', '2017-07-24 02:49:27'),
(773, 'Miss Skyla Mayer II', 'everardo36@example.com', '2017-07-24 02:49:27', '2017-07-24 02:49:27'),
(774, 'Miss Gabriella Johnson', 'oklein@example.com', '2017-07-24 02:49:27', '2017-07-24 02:49:27'),
(775, 'Prof. Heber Konopelski', 'nrogahn@example.org', '2017-07-24 02:49:27', '2017-07-24 02:49:27'),
(776, 'Geoffrey Yost', 'stracke.retha@example.com', '2017-07-24 02:49:27', '2017-07-24 02:49:27'),
(777, 'Keshaun Batz II', 'leilani69@example.org', '2017-07-24 02:49:27', '2017-07-24 02:49:27'),
(778, 'Prof. Alexandre Bednar Jr.', 'cgrant@example.net', '2017-07-24 02:49:27', '2017-07-24 02:49:27'),
(779, 'Ole Klein', 'nikita33@example.com', '2017-07-24 02:49:27', '2017-07-24 02:49:27'),
(780, 'Dr. Reymundo Osinski', 'sdoyle@example.com', '2017-07-24 02:49:27', '2017-07-24 02:49:27'),
(781, 'Justice Jaskolski', 'ejohns@example.com', '2017-07-24 02:49:27', '2017-07-24 02:49:27'),
(782, 'Ms. Sister Ruecker III', 'mann.marvin@example.net', '2017-07-24 02:49:27', '2017-07-24 02:49:27'),
(783, 'Mrs. Gloria Maggio', 'trey.cormier@example.com', '2017-07-24 02:49:27', '2017-07-24 02:49:27'),
(784, 'Dr. Waylon Bayer', 'bmarks@example.net', '2017-07-24 02:49:27', '2017-07-24 02:49:27'),
(785, 'Prof. Deonte Rodriguez DVM', 'vanderson@example.com', '2017-07-24 02:49:27', '2017-07-24 02:49:27'),
(786, 'Dr. Zechariah Stokes', 'myrtice.ziemann@example.org', '2017-07-24 02:49:27', '2017-07-24 02:49:27'),
(787, 'Alysa Jenkins', 'minerva36@example.org', '2017-07-24 02:49:27', '2017-07-24 02:49:27'),
(788, 'Reece Veum', 'haven76@example.net', '2017-07-24 02:49:27', '2017-07-24 02:49:27'),
(789, 'Dr. Bill Dooley II', 'jamey63@example.org', '2017-07-24 02:49:27', '2017-07-24 02:49:27'),
(790, 'Prof. Olin Hane III', 'uwelch@example.net', '2017-07-24 02:49:27', '2017-07-24 02:49:27'),
(791, 'Malvina Parker', 'langworth.kari@example.org', '2017-07-24 02:49:27', '2017-07-24 02:49:27'),
(792, 'Unique Runte', 'cedrick97@example.net', '2017-07-24 02:49:27', '2017-07-24 02:49:27'),
(793, 'Aida Johns I', 'johnnie.monahan@example.net', '2017-07-24 02:49:27', '2017-07-24 02:49:27'),
(794, 'Dr. Hallie Dibbert', 'koss.rae@example.net', '2017-07-24 02:49:27', '2017-07-24 02:49:27'),
(795, 'Dr. Brenden Bartell', 'reed73@example.com', '2017-07-24 02:49:27', '2017-07-24 02:49:27'),
(796, 'Cooper VonRueden', 'al.howe@example.org', '2017-07-24 02:49:27', '2017-07-24 02:49:27'),
(797, 'Keshawn Hagenes', 'carter.clarissa@example.net', '2017-07-24 02:49:27', '2017-07-24 02:49:27'),
(798, 'Eula Ernser', 'pboyle@example.com', '2017-07-24 02:49:27', '2017-07-24 02:49:27'),
(799, 'Fausto Stracke', 'ykiehn@example.org', '2017-07-24 02:49:27', '2017-07-24 02:49:27'),
(800, 'Dr. Kali Reichert', 'hammes.hilda@example.com', '2017-07-24 02:49:27', '2017-07-24 02:49:27'),
(801, 'Trever Quigley II', 'awilliamson@example.org', '2017-07-24 02:49:27', '2017-07-24 02:49:27'),
(802, 'Keira Goldner', 'boehm.destiny@example.com', '2017-07-24 02:49:27', '2017-07-24 02:49:27'),
(803, 'Donald Johnston', 'randal.senger@example.org', '2017-07-24 02:49:27', '2017-07-24 02:49:27'),
(804, 'Mr. Domenico Simonis', 'udickinson@example.net', '2017-07-24 02:49:27', '2017-07-24 02:49:27'),
(805, 'Rossie Parisian V', 'friesen.eleonore@example.org', '2017-07-24 02:49:27', '2017-07-24 02:49:27'),
(806, 'Carroll Willms', 'torrance05@example.net', '2017-07-24 02:49:28', '2017-07-24 02:49:28'),
(807, 'Julianne Koch', 'haag.breana@example.org', '2017-07-24 02:49:28', '2017-07-24 02:49:28'),
(808, 'Logan Lebsack', 'rolfson.neal@example.org', '2017-07-24 02:49:28', '2017-07-24 02:49:28'),
(809, 'Dr. Ubaldo Quigley', 'srodriguez@example.net', '2017-07-24 02:49:28', '2017-07-24 02:49:28'),
(810, 'Dawson Wiza', 'cassie54@example.com', '2017-07-24 02:49:28', '2017-07-24 02:49:28'),
(811, 'Tressie Haag V', 'reichel.jarvis@example.org', '2017-07-24 02:49:28', '2017-07-24 02:49:28'),
(812, 'Rosina Okuneva', 'daphney.corwin@example.com', '2017-07-24 02:49:28', '2017-07-24 02:49:28'),
(813, 'George Breitenberg', 'dbuckridge@example.net', '2017-07-24 02:49:28', '2017-07-24 02:49:28'),
(814, 'Colten Shields', 'arturo16@example.org', '2017-07-24 02:49:28', '2017-07-24 02:49:28'),
(815, 'Prof. Destiney Jenkins', 'mose.ferry@example.net', '2017-07-24 02:49:28', '2017-07-24 02:49:28'),
(816, 'Earlene Doyle', 'wdickens@example.net', '2017-07-24 02:49:28', '2017-07-24 02:49:28'),
(817, 'Dr. Shaylee Pfeffer DVM', 'sylvan.krajcik@example.com', '2017-07-24 02:49:28', '2017-07-24 02:49:28'),
(818, 'Dr. Xzavier Dickinson MD', 'wellington.harber@example.com', '2017-07-24 02:49:28', '2017-07-24 02:49:28'),
(819, 'Dr. Dereck Connelly', 'zcole@example.org', '2017-07-24 02:49:28', '2017-07-24 02:49:28'),
(820, 'Mr. Rod Murphy', 'chadrick63@example.com', '2017-07-24 02:49:28', '2017-07-24 02:49:28'),
(821, 'Agustin Lynch', 'elisha07@example.org', '2017-07-24 02:49:28', '2017-07-24 02:49:28'),
(822, 'Hilda Klocko MD', 'ziemann.sylvester@example.net', '2017-07-24 02:49:28', '2017-07-24 02:49:28'),
(823, 'Ian Bogan', 'ydenesik@example.net', '2017-07-24 02:49:28', '2017-07-24 02:49:28'),
(824, 'Daron Sawayn', 'trevor66@example.net', '2017-07-24 02:49:28', '2017-07-24 02:49:28'),
(825, 'Philip Gerlach', 'pleuschke@example.org', '2017-07-24 02:49:28', '2017-07-24 02:49:28'),
(826, 'Delores Durgan', 'pswaniawski@example.com', '2017-07-24 02:49:28', '2017-07-24 02:49:28'),
(827, 'Jack Witting Sr.', 'ekrajcik@example.org', '2017-07-24 02:49:28', '2017-07-24 02:49:28'),
(828, 'Nyah Kohler', 'will.vita@example.net', '2017-07-24 02:49:28', '2017-07-24 02:49:28'),
(829, 'Kyle Goldner MD', 'schamberger.savion@example.org', '2017-07-24 02:49:28', '2017-07-24 02:49:28'),
(830, 'Kareem Bruen', 'crona.bridget@example.org', '2017-07-24 02:49:28', '2017-07-24 02:49:28'),
(831, 'Ayana Swift', 'myah.hackett@example.org', '2017-07-24 02:49:28', '2017-07-24 02:49:28'),
(832, 'Conrad Jerde IV', 'nicklaus.gleason@example.com', '2017-07-24 02:49:28', '2017-07-24 02:49:28'),
(833, 'Brent Stokes', 'eoconner@example.com', '2017-07-24 02:49:28', '2017-07-24 02:49:28'),
(834, 'Dino Hickle', 'xkihn@example.com', '2017-07-24 02:49:28', '2017-07-24 02:49:28'),
(835, 'Prof. Kenton Champlin II', 'sbeier@example.net', '2017-07-24 02:49:28', '2017-07-24 02:49:28'),
(836, 'Mrs. Meda Medhurst', 'jbatz@example.com', '2017-07-24 02:49:28', '2017-07-24 02:49:28'),
(837, 'Dejah Mann', 'devonte24@example.org', '2017-07-24 02:49:28', '2017-07-24 02:49:28'),
(838, 'Hilbert Tillman', 'valentin.bosco@example.net', '2017-07-24 02:49:28', '2017-07-24 02:49:28'),
(839, 'Keagan Deckow', 'samanta41@example.net', '2017-07-24 02:49:28', '2017-07-24 02:49:28'),
(840, 'Fletcher Orn', 'gaylord.mraz@example.net', '2017-07-24 02:49:28', '2017-07-24 02:49:28'),
(841, 'Kamille Fadel', 'denesik.alexys@example.org', '2017-07-24 02:49:28', '2017-07-24 02:49:28'),
(842, 'Abelardo Kessler', 'santos70@example.com', '2017-07-24 02:49:28', '2017-07-24 02:49:28'),
(843, 'Jarrod Renner', 'emard.kaela@example.com', '2017-07-24 02:49:28', '2017-07-24 02:49:28'),
(844, 'Delfina DuBuque II', 'marion19@example.com', '2017-07-24 02:49:28', '2017-07-24 02:49:28'),
(845, 'Ms. Cleta Lockman', 'kgerlach@example.com', '2017-07-24 02:49:28', '2017-07-24 02:49:28'),
(846, 'Ansel Batz PhD', 'mcdermott.jazmyn@example.org', '2017-07-24 02:49:28', '2017-07-24 02:49:28'),
(847, 'Bertram Hammes', 'garland67@example.org', '2017-07-24 02:49:28', '2017-07-24 02:49:28'),
(848, 'Genesis Leuschke Sr.', 'jazlyn62@example.com', '2017-07-24 02:49:28', '2017-07-24 02:49:28'),
(849, 'Lavon Luettgen', 'hpadberg@example.com', '2017-07-24 02:49:28', '2017-07-24 02:49:28'),
(850, 'Stefan Mante', 'rpagac@example.net', '2017-07-24 02:49:28', '2017-07-24 02:49:28'),
(851, 'Jaylan Spinka PhD', 'vladimir96@example.com', '2017-07-24 02:49:28', '2017-07-24 02:49:28'),
(852, 'Makenzie Kautzer', 'mariam.walsh@example.net', '2017-07-24 02:49:28', '2017-07-24 02:49:28'),
(853, 'Miss Elody Kerluke', 'mcollins@example.org', '2017-07-24 02:49:28', '2017-07-24 02:49:28'),
(854, 'Steve Williamson', 'oliver.gerhold@example.org', '2017-07-24 02:49:28', '2017-07-24 02:49:28'),
(855, 'Prof. Brenda Kertzmann IV', 'sophia.bernier@example.net', '2017-07-24 02:49:28', '2017-07-24 02:49:28'),
(856, 'Braxton O''Hara', 'hammes.ila@example.org', '2017-07-24 02:49:28', '2017-07-24 02:49:28'),
(857, 'Dr. Gianni Emard', 'aylin.koepp@example.com', '2017-07-24 02:49:28', '2017-07-24 02:49:28'),
(858, 'Ms. Celia Larson I', 'barry.towne@example.org', '2017-07-24 02:49:28', '2017-07-24 02:49:28'),
(859, 'Shaun Tillman', 'klocko.calista@example.net', '2017-07-24 02:49:28', '2017-07-24 02:49:28'),
(860, 'Krystina Boyle', 'edmund63@example.com', '2017-07-24 02:49:28', '2017-07-24 02:49:28'),
(861, 'Maymie Bechtelar', 'geo12@example.com', '2017-07-24 02:49:28', '2017-07-24 02:49:28'),
(862, 'Emiliano Stokes', 'chadrick28@example.com', '2017-07-24 02:49:28', '2017-07-24 02:49:28'),
(863, 'Dell Smith', 'alda29@example.net', '2017-07-24 02:49:28', '2017-07-24 02:49:28'),
(864, 'Rodrick Cremin', 'gthiel@example.com', '2017-07-24 02:49:28', '2017-07-24 02:49:28'),
(865, 'Sidney Kutch I', 'torp.alize@example.net', '2017-07-24 02:49:28', '2017-07-24 02:49:28'),
(866, 'Ms. Stacey Brekke III', 'laron.spencer@example.net', '2017-07-24 02:49:28', '2017-07-24 02:49:28'),
(867, 'Dr. Danyka Kunde', 'maxime.jerde@example.net', '2017-07-24 02:49:28', '2017-07-24 02:49:28'),
(868, 'Dr. Filomena Dare', 'romaguera.annette@example.org', '2017-07-24 02:49:28', '2017-07-24 02:49:28'),
(869, 'Casimir Hansen', 'lflatley@example.net', '2017-07-24 02:49:28', '2017-07-24 02:49:28'),
(870, 'Soledad Grady V', 'doyle.april@example.com', '2017-07-24 02:49:28', '2017-07-24 02:49:28'),
(871, 'Godfrey Carter PhD', 'viva.johns@example.org', '2017-07-24 02:49:28', '2017-07-24 02:49:28'),
(872, 'Grant Corwin V', 'lauriane.baumbach@example.org', '2017-07-24 02:49:28', '2017-07-24 02:49:28'),
(873, 'Clifford Weissnat II', 'winston.kshlerin@example.org', '2017-07-24 02:49:28', '2017-07-24 02:49:28'),
(874, 'Mr. Chesley Effertz', 'zola95@example.org', '2017-07-24 02:49:28', '2017-07-24 02:49:28'),
(875, 'Gwen McDermott Jr.', 'auer.lenora@example.org', '2017-07-24 02:49:28', '2017-07-24 02:49:28'),
(876, 'Aletha Strosin', 'jarrell48@example.net', '2017-07-24 02:49:28', '2017-07-24 02:49:28'),
(877, 'Philip Mohr', 'hank.feest@example.net', '2017-07-24 02:49:28', '2017-07-24 02:49:28'),
(878, 'Kristofer Gutkowski I', 'samanta.ohara@example.net', '2017-07-24 02:49:28', '2017-07-24 02:49:28'),
(879, 'Emmanuelle Goodwin', 'alize.von@example.org', '2017-07-24 02:49:28', '2017-07-24 02:49:28'),
(880, 'Henderson Bergnaum', 'terry.destin@example.net', '2017-07-24 02:49:28', '2017-07-24 02:49:28'),
(881, 'Quinn Walsh', 'jaskolski.telly@example.com', '2017-07-24 02:49:28', '2017-07-24 02:49:28'),
(882, 'Aric Hirthe Jr.', 'abbott.eveline@example.net', '2017-07-24 02:49:28', '2017-07-24 02:49:28'),
(883, 'Ariel Bednar', 'afunk@example.org', '2017-07-24 02:49:28', '2017-07-24 02:49:28'),
(884, 'Alverta Hills IV', 'norbert35@example.net', '2017-07-24 02:49:28', '2017-07-24 02:49:28'),
(885, 'Edwina Muller', 'kendall.gottlieb@example.net', '2017-07-24 02:49:28', '2017-07-24 02:49:28'),
(886, 'Issac Schiller', 'dickens.jade@example.net', '2017-07-24 02:49:28', '2017-07-24 02:49:28'),
(887, 'Mr. Royce Konopelski', 'dorris74@example.org', '2017-07-24 02:49:28', '2017-07-24 02:49:28'),
(888, 'Stevie Aufderhar DVM', 'xtoy@example.com', '2017-07-24 02:49:28', '2017-07-24 02:49:28'),
(889, 'Issac Lindgren', 'qferry@example.com', '2017-07-24 02:49:28', '2017-07-24 02:49:28'),
(890, 'Sydni Roob', 'omurazik@example.net', '2017-07-24 02:49:28', '2017-07-24 02:49:28'),
(891, 'Isabel Kunze', 'aparisian@example.com', '2017-07-24 02:49:28', '2017-07-24 02:49:28'),
(892, 'Mr. Talon Romaguera Sr.', 'harley.vonrueden@example.net', '2017-07-24 02:49:28', '2017-07-24 02:49:28'),
(893, 'Otho Ferry', 'guadalupe96@example.net', '2017-07-24 02:49:28', '2017-07-24 02:49:28'),
(894, 'Prof. Jasen Gulgowski', 'turcotte.austen@example.com', '2017-07-24 02:49:28', '2017-07-24 02:49:28'),
(895, 'Jimmie Schultz', 'celestine15@example.org', '2017-07-24 02:49:28', '2017-07-24 02:49:28'),
(896, 'Ryann Windler III', 'mercedes.gutkowski@example.net', '2017-07-24 02:49:28', '2017-07-24 02:49:28'),
(897, 'Ms. Mafalda Carter', 'palma17@example.com', '2017-07-24 02:49:28', '2017-07-24 02:49:28'),
(898, 'Ms. Ethyl Ondricka', 'erdman.madyson@example.org', '2017-07-24 02:49:28', '2017-07-24 02:49:28'),
(899, 'Mrs. Stacy Weimann Sr.', 'albin.maggio@example.com', '2017-07-24 02:49:28', '2017-07-24 02:49:28'),
(900, 'Chadd Bernhard', 'hagenes.destiney@example.com', '2017-07-24 02:49:28', '2017-07-24 02:49:28'),
(901, 'Maritza Jakubowski', 'hlarkin@example.org', '2017-07-24 02:49:28', '2017-07-24 02:49:28'),
(902, 'Nina Beer', 'aruecker@example.com', '2017-07-24 02:49:28', '2017-07-24 02:49:28'),
(903, 'Ella Stiedemann', 'gwunsch@example.net', '2017-07-24 02:49:28', '2017-07-24 02:49:28'),
(904, 'Christelle Connelly', 'gutkowski.lilyan@example.net', '2017-07-24 02:49:28', '2017-07-24 02:49:28'),
(905, 'Lacy Lubowitz', 'bwelch@example.org', '2017-07-24 02:49:28', '2017-07-24 02:49:28'),
(906, 'Jackson Hermann', 'gtreutel@example.com', '2017-07-24 02:49:28', '2017-07-24 02:49:28'),
(907, 'Jovany Hessel', 'hermina.langosh@example.com', '2017-07-24 02:49:28', '2017-07-24 02:49:28'),
(908, 'Florida Wiza IV', 'kzemlak@example.com', '2017-07-24 02:49:28', '2017-07-24 02:49:28'),
(909, 'Ms. Zoey Batz', 'harvey.bradley@example.org', '2017-07-24 02:49:28', '2017-07-24 02:49:28'),
(910, 'Mrs. Carissa Howell', 'mclaughlin.libbie@example.com', '2017-07-24 02:49:28', '2017-07-24 02:49:28'),
(911, 'Domenica Hilpert', 'lehner.jana@example.com', '2017-07-24 02:49:28', '2017-07-24 02:49:28'),
(912, 'Ashton Legros DDS', 'ottis.parisian@example.net', '2017-07-24 02:49:28', '2017-07-24 02:49:28'),
(913, 'Agnes Wunsch', 'shanahan.jacquelyn@example.com', '2017-07-24 02:49:28', '2017-07-24 02:49:28'),
(914, 'Prof. Raheem Bergnaum DDS', 'federico.bosco@example.com', '2017-07-24 02:49:28', '2017-07-24 02:49:28'),
(915, 'Mr. Troy Veum', 'cary.mcdermott@example.com', '2017-07-24 02:49:28', '2017-07-24 02:49:28'),
(916, 'Brent Pacocha', 'caroline.gusikowski@example.org', '2017-07-24 02:49:28', '2017-07-24 02:49:28'),
(917, 'Marcelina McKenzie', 'gibson.zoie@example.net', '2017-07-24 02:49:28', '2017-07-24 02:49:28'),
(918, 'Otha Dooley', 'upouros@example.net', '2017-07-24 02:49:28', '2017-07-24 02:49:28'),
(919, 'Maci Zieme', 'treva.von@example.com', '2017-07-24 02:49:28', '2017-07-24 02:49:28'),
(920, 'Jack Prohaska', 'paucek.gayle@example.com', '2017-07-24 02:49:28', '2017-07-24 02:49:28'),
(921, 'Alden Pagac', 'lueilwitz.kenny@example.net', '2017-07-24 02:49:28', '2017-07-24 02:49:28'),
(922, 'Dr. Madilyn Mante', 'ztrantow@example.com', '2017-07-24 02:49:28', '2017-07-24 02:49:28'),
(923, 'Catherine Mayer', 'pankunding@example.org', '2017-07-24 02:49:28', '2017-07-24 02:49:28'),
(924, 'Rollin Grimes', 'jolie25@example.net', '2017-07-24 02:49:28', '2017-07-24 02:49:28'),
(925, 'Prof. Oscar Bergnaum II', 'zquigley@example.com', '2017-07-24 02:49:28', '2017-07-24 02:49:28'),
(926, 'Nadia Morissette PhD', 'jprohaska@example.net', '2017-07-24 02:49:28', '2017-07-24 02:49:28'),
(927, 'Derick Kihn', 'connor.eichmann@example.net', '2017-07-24 02:49:28', '2017-07-24 02:49:28'),
(928, 'Mr. Jerod Abshire', 'keshawn.weissnat@example.com', '2017-07-24 02:49:28', '2017-07-24 02:49:28'),
(929, 'Bernice King', 'jerome74@example.org', '2017-07-24 02:49:28', '2017-07-24 02:49:28'),
(930, 'Freida Romaguera', 'groberts@example.com', '2017-07-24 02:49:28', '2017-07-24 02:49:28'),
(931, 'Sarai Koch', 'ahills@example.org', '2017-07-24 02:49:28', '2017-07-24 02:49:28'),
(932, 'Mariano Waters', 'kiehn.edward@example.net', '2017-07-24 02:49:28', '2017-07-24 02:49:28'),
(933, 'Crystal Weimann', 'ivory33@example.net', '2017-07-24 02:49:28', '2017-07-24 02:49:28'),
(934, 'Harold Fadel', 'aflatley@example.net', '2017-07-24 02:49:28', '2017-07-24 02:49:28'),
(935, 'Dr. Levi Bechtelar Jr.', 'lennie51@example.org', '2017-07-24 02:49:28', '2017-07-24 02:49:28'),
(936, 'William Hintz II', 'demard@example.net', '2017-07-24 02:49:28', '2017-07-24 02:49:28'),
(937, 'Dr. Presley Larson', 'darrin67@example.org', '2017-07-24 02:49:28', '2017-07-24 02:49:28'),
(938, 'Aliya Cartwright', 'dorothea.reynolds@example.net', '2017-07-24 02:49:28', '2017-07-24 02:49:28'),
(939, 'Lionel Dietrich', 'istokes@example.net', '2017-07-24 02:49:28', '2017-07-24 02:49:28'),
(940, 'Jolie Jast', 'kay.hagenes@example.com', '2017-07-24 02:49:28', '2017-07-24 02:49:28'),
(941, 'Carmela Connelly', 'conroy.winifred@example.net', '2017-07-24 02:49:28', '2017-07-24 02:49:28'),
(942, 'Mathias Brown', 'jayden.kutch@example.com', '2017-07-24 02:49:28', '2017-07-24 02:49:28'),
(943, 'Dagmar Harris', 'charity57@example.com', '2017-07-24 02:49:28', '2017-07-24 02:49:28'),
(944, 'Verda Miller', 'jammie66@example.net', '2017-07-24 02:49:28', '2017-07-24 02:49:28'),
(945, 'Zane Cronin', 'fglover@example.net', '2017-07-24 02:49:28', '2017-07-24 02:49:28'),
(946, 'Adriel Ullrich', 'hwitting@example.net', '2017-07-24 02:49:28', '2017-07-24 02:49:28'),
(947, 'Mr. Toy Beer MD', 'bins.juana@example.net', '2017-07-24 02:49:28', '2017-07-24 02:49:28'),
(948, 'Sarah Nolan', 'rkiehn@example.org', '2017-07-24 02:49:28', '2017-07-24 02:49:28'),
(949, 'Nannie Bernier III', 'clay.connelly@example.com', '2017-07-24 02:49:28', '2017-07-24 02:49:28'),
(950, 'Pedro Bauch', 'willa.parker@example.net', '2017-07-24 02:49:28', '2017-07-24 02:49:28'),
(951, 'Miss Ludie Lebsack', 'anastasia88@example.net', '2017-07-24 02:49:28', '2017-07-24 02:49:28'),
(952, 'Miss Rafaela Lemke I', 'rkozey@example.net', '2017-07-24 02:49:28', '2017-07-24 02:49:28'),
(953, 'Tamara Labadie', 'schamberger.brielle@example.net', '2017-07-24 02:49:28', '2017-07-24 02:49:28'),
(954, 'Miss Lillian Gutkowski', 'triston.okeefe@example.org', '2017-07-24 02:49:28', '2017-07-24 02:49:28'),
(955, 'Vilma Pfannerstill', 'franco.sporer@example.net', '2017-07-24 02:49:28', '2017-07-24 02:49:28'),
(956, 'Saul Witting', 'hettinger.cathy@example.net', '2017-07-24 02:49:28', '2017-07-24 02:49:28'),
(957, 'Lilyan Gerlach', 'bergstrom.willard@example.com', '2017-07-24 02:49:28', '2017-07-24 02:49:28'),
(958, 'Dr. Leatha Reichert', 'dhane@example.net', '2017-07-24 02:49:28', '2017-07-24 02:49:28'),
(959, 'Maddison Schmeler', 'gulgowski.duane@example.net', '2017-07-24 02:49:28', '2017-07-24 02:49:28'),
(960, 'Maxie Beahan', 'eluettgen@example.org', '2017-07-24 02:49:28', '2017-07-24 02:49:28'),
(961, 'Ebba Langworth DVM', 'lilian38@example.net', '2017-07-24 02:49:28', '2017-07-24 02:49:28'),
(962, 'Naomi Ryan', 'marina.strosin@example.net', '2017-07-24 02:49:28', '2017-07-24 02:49:28'),
(963, 'Mr. Vincenzo Abernathy', 'brycen.emmerich@example.org', '2017-07-24 02:49:28', '2017-07-24 02:49:28'),
(964, 'Mr. Alvah Marvin PhD', 'cortney.sauer@example.com', '2017-07-24 02:49:28', '2017-07-24 02:49:28'),
(965, 'Natasha Kiehn', 'kemmer.mikayla@example.net', '2017-07-24 02:49:28', '2017-07-24 02:49:28'),
(966, 'Brandon Hand', 'medhurst.brooke@example.com', '2017-07-24 02:49:28', '2017-07-24 02:49:28'),
(967, 'Melyna Bruen IV', 'rodrigo96@example.com', '2017-07-24 02:49:28', '2017-07-24 02:49:28'),
(968, 'Morgan Von IV', 'bcormier@example.com', '2017-07-24 02:49:28', '2017-07-24 02:49:28'),
(969, 'Prof. Spencer Hahn', 'littel.baby@example.com', '2017-07-24 02:49:28', '2017-07-24 02:49:28'),
(970, 'Trey Considine', 'therese73@example.net', '2017-07-24 02:49:28', '2017-07-24 02:49:28'),
(971, 'Johnnie Schultz', 'purdy.macy@example.com', '2017-07-24 02:49:28', '2017-07-24 02:49:28'),
(972, 'Jaren Gulgowski', 'mkemmer@example.net', '2017-07-24 02:49:28', '2017-07-24 02:49:28'),
(973, 'Christiana Mertz Sr.', 'kshlerin.diamond@example.org', '2017-07-24 02:49:28', '2017-07-24 02:49:28'),
(974, 'Felton Stehr', 'lavon.koepp@example.org', '2017-07-24 02:49:28', '2017-07-24 02:49:28'),
(975, 'Rick Deckow', 'stevie46@example.org', '2017-07-24 02:49:28', '2017-07-24 02:49:28'),
(976, 'Morris Walsh', 'carleton.ruecker@example.org', '2017-07-24 02:49:28', '2017-07-24 02:49:28'),
(977, 'Fritz Raynor', 'brando.robel@example.org', '2017-07-24 02:49:28', '2017-07-24 02:49:28'),
(978, 'Hosea Wyman', 'mikel.botsford@example.net', '2017-07-24 02:49:28', '2017-07-24 02:49:28'),
(979, 'Dr. Francis Kerluke III', 'declan55@example.net', '2017-07-24 02:49:28', '2017-07-24 02:49:28'),
(980, 'Adriana Schroeder PhD', 'erwin.boehm@example.org', '2017-07-24 02:49:28', '2017-07-24 02:49:28'),
(981, 'Prof. Hazel McLaughlin', 'lorena.torphy@example.net', '2017-07-24 02:49:28', '2017-07-24 02:49:28'),
(982, 'Era Sauer V', 'shanon46@example.org', '2017-07-24 02:49:28', '2017-07-24 02:49:28'),
(983, 'Leanne Legros IV', 'iquitzon@example.org', '2017-07-24 02:49:28', '2017-07-24 02:49:28'),
(984, 'Nathanael Jones', 'gerry.bosco@example.com', '2017-07-24 02:49:28', '2017-07-24 02:49:28'),
(985, 'Eulah Murphy', 'cspinka@example.net', '2017-07-24 02:49:28', '2017-07-24 02:49:28'),
(986, 'Libbie Brown', 'leanne13@example.com', '2017-07-24 02:49:28', '2017-07-24 02:49:28'),
(987, 'Mrs. Dominique Rempel', 'zschaden@example.net', '2017-07-24 02:49:28', '2017-07-24 02:49:28'),
(988, 'Verna Pfannerstill', 'lrempel@example.net', '2017-07-24 02:49:28', '2017-07-24 02:49:28'),
(989, 'Eli Lang', 'torrey.hudson@example.org', '2017-07-24 02:49:28', '2017-07-24 02:49:28'),
(990, 'Eleanore Cassin', 'lemke.brice@example.net', '2017-07-24 02:49:28', '2017-07-24 02:49:28'),
(991, 'Evalyn Schuster', 'pklein@example.org', '2017-07-24 02:49:28', '2017-07-24 02:49:28'),
(992, 'Stan Kuhic Sr.', 'marcelino.runolfsdottir@example.net', '2017-07-24 02:49:28', '2017-07-24 02:49:28'),
(993, 'Willy Lakin', 'bogan.adolfo@example.net', '2017-07-24 02:49:28', '2017-07-24 02:49:28'),
(994, 'Mrs. Graciela Pagac', 'marquardt.brandon@example.net', '2017-07-24 02:49:28', '2017-07-24 02:49:28'),
(995, 'Ms. Zora Graham DDS', 'schaefer.anastacio@example.com', '2017-07-24 02:49:28', '2017-07-24 02:49:28'),
(996, 'Neal West', 'esipes@example.com', '2017-07-24 02:49:28', '2017-07-24 02:49:28'),
(997, 'Prof. Thea Bogisich', 'ofelia.kohler@example.org', '2017-07-24 02:49:28', '2017-07-24 02:49:28'),
(998, 'Noemi Welch', 'bennett40@example.org', '2017-07-24 02:49:28', '2017-07-24 02:49:28'),
(999, 'Veronica Jakubowski Sr.', 'edach@example.net', '2017-07-24 02:49:28', '2017-07-24 02:49:28'),
(1000, 'Prof. Lyda Russel DDS', 'rowe.roberta@example.net', '2017-07-24 02:49:28', '2017-07-24 02:49:28'),
(1001, 'Minerva Boehm', 'lilliana24@example.com', '2017-07-24 02:49:28', '2017-07-24 02:49:28'),
(1002, 'Meda Parisian', 'leone46@example.org', '2017-07-24 02:49:28', '2017-07-24 02:49:28'),
(1003, 'Vivian Hane', 'josh.hyatt@example.com', '2017-07-24 02:49:28', '2017-07-24 02:49:28'),
(1004, 'Charlene Murray', 'gislason.abbigail@example.org', '2017-07-24 02:49:28', '2017-07-24 02:49:28'),
(1005, 'Grace Oberbrunner', 'ritchie.savanah@example.com', '2017-07-24 02:49:28', '2017-07-24 02:49:28'),
(1006, 'Justus Bartoletti', 'sstanton@example.net', '2017-07-24 02:49:28', '2017-07-24 02:49:28'),
(1007, 'Dasia Tromp', 'ledner.royal@example.net', '2017-07-24 02:49:28', '2017-07-24 02:49:28'),
(1008, 'Unique Schinner', 'lturner@example.com', '2017-07-24 02:49:28', '2017-07-24 02:49:28'),
(1009, 'Prof. Santa Denesik III', 'sven.kub@example.com', '2017-07-24 02:49:28', '2017-07-24 02:49:28'),
(1010, 'Alanis Jenkins', 'santos19@example.com', '2017-07-24 02:49:28', '2017-07-24 02:49:28'),
(1011, 'Prof. Ruben Kuphal', 'johns.kennedi@example.com', '2017-07-24 02:49:28', '2017-07-24 02:49:28'),
(1012, 'Dr. Gerald Ryan', 'clyde.feeney@example.net', '2017-07-24 02:49:28', '2017-07-24 02:49:28'),
(1013, 'Mrs. Elvera Ullrich Jr.', 'ana73@example.net', '2017-07-24 02:49:28', '2017-07-24 02:49:28'),
(1014, 'Rogelio Wunsch', 'armstrong.ellen@example.org', '2017-07-24 02:49:28', '2017-07-24 02:49:28'),
(1015, 'Ms. Everette Conn', 'isabell96@example.com', '2017-07-24 02:49:28', '2017-07-24 02:49:28'),
(1016, 'Dr. Bud Leuschke', 'enoch.gerhold@example.org', '2017-07-24 02:49:28', '2017-07-24 02:49:28'),
(1017, 'Marcella Bartoletti', 'halvorson.libby@example.com', '2017-07-24 02:49:28', '2017-07-24 02:49:28'),
(1018, 'Dr. Cordell Conroy DDS', 'wrunte@example.net', '2017-07-24 02:49:28', '2017-07-24 02:49:28'),
(1019, 'Adelle Cruickshank', 'brody94@example.net', '2017-07-24 02:49:29', '2017-07-24 02:49:29'),
(1020, 'Idella Ledner', 'marvin.autumn@example.com', '2017-07-24 02:49:29', '2017-07-24 02:49:29'),
(1021, 'Thalia Reinger I', 'rowan80@example.org', '2017-07-24 02:49:29', '2017-07-24 02:49:29'),
(1022, 'Misael Kautzer', 'jschiller@example.org', '2017-07-24 02:49:29', '2017-07-24 02:49:29'),
(1023, 'Mathias Bednar', 'theresia70@example.com', '2017-07-24 02:49:29', '2017-07-24 02:49:29'),
(1024, 'Katarina Morar', 'addison.pouros@example.org', '2017-07-24 02:49:29', '2017-07-24 02:49:29'),
(1025, 'Luigi Jaskolski', 'fgutmann@example.org', '2017-07-24 02:49:29', '2017-07-24 02:49:29'),
(1026, 'Cassie Graham', 'billy54@example.org', '2017-07-24 02:49:29', '2017-07-24 02:49:29'),
(1027, 'Ernie Sipes IV', 'lonie08@example.org', '2017-07-24 02:49:29', '2017-07-24 02:49:29');
INSERT INTO `serversides` (`id`, `name`, `email`, `created_at`, `updated_at`) VALUES
(1028, 'Ashly Stoltenberg', 'odie.robel@example.com', '2017-07-24 02:49:29', '2017-07-24 02:49:29'),
(1029, 'Dr. Gaston Johnson', 'bcole@example.net', '2017-07-24 02:49:29', '2017-07-24 02:49:29'),
(1030, 'Yasmine Runolfsdottir', 'gusikowski.wade@example.org', '2017-07-24 02:49:29', '2017-07-24 02:49:29'),
(1031, 'Christy Moen', 'esteban.okuneva@example.net', '2017-07-24 02:49:29', '2017-07-24 02:49:29'),
(1032, 'Katarina Prosacco', 'qraynor@example.com', '2017-07-24 02:49:29', '2017-07-24 02:49:29'),
(1033, 'Prof. Matteo Wuckert Jr.', 'ullrich.otto@example.net', '2017-07-24 02:49:29', '2017-07-24 02:49:29'),
(1034, 'Donavon Lebsack', 'lenora.prosacco@example.org', '2017-07-24 02:49:29', '2017-07-24 02:49:29'),
(1035, 'Prof. Darrick Lind', 'cheyenne17@example.com', '2017-07-24 02:49:29', '2017-07-24 02:49:29'),
(1036, 'Kira Homenick', 'arvilla.rath@example.org', '2017-07-24 02:49:29', '2017-07-24 02:49:29'),
(1037, 'Major Larson', 'hoppe.curt@example.net', '2017-07-24 02:49:29', '2017-07-24 02:49:29'),
(1038, 'Freddy Waelchi', 'mraz.ashtyn@example.org', '2017-07-24 02:49:29', '2017-07-24 02:49:29'),
(1039, 'Prof. Laney Okuneva IV', 'ujacobson@example.org', '2017-07-24 02:49:29', '2017-07-24 02:49:29'),
(1040, 'Arlo Bosco II', 'joseph36@example.org', '2017-07-24 02:49:29', '2017-07-24 02:49:29'),
(1041, 'Dr. Eliza Cummings', 'lockman.elaina@example.net', '2017-07-24 02:49:29', '2017-07-24 02:49:29'),
(1042, 'Helen Weber DDS', 'waelchi.heloise@example.com', '2017-07-24 02:49:29', '2017-07-24 02:49:29'),
(1043, 'Prof. Zora Bergstrom', 'misael.lockman@example.net', '2017-07-24 02:49:29', '2017-07-24 02:49:29'),
(1044, 'Anais Dietrich', 'leora.lang@example.net', '2017-07-24 02:49:29', '2017-07-24 02:49:29'),
(1045, 'Grant Streich', 'imorar@example.org', '2017-07-24 02:49:29', '2017-07-24 02:49:29'),
(1046, 'Cicero Braun MD', 'rowe.fern@example.net', '2017-07-24 02:49:29', '2017-07-24 02:49:29'),
(1047, 'Estelle Zieme', 'fdurgan@example.net', '2017-07-24 02:49:29', '2017-07-24 02:49:29'),
(1048, 'Virginie Bernhard', 'lfisher@example.com', '2017-07-24 02:49:29', '2017-07-24 02:49:29'),
(1049, 'Dr. Eleanore Simonis', 'aylin.cormier@example.org', '2017-07-24 02:49:29', '2017-07-24 02:49:29'),
(1050, 'Dr. Chadrick Harber DDS', 'hudson.anahi@example.org', '2017-07-24 02:49:29', '2017-07-24 02:49:29'),
(1051, 'Dr. Gage Schroeder PhD', 'chester.king@example.org', '2017-07-24 02:49:29', '2017-07-24 02:49:29'),
(1052, 'Elenora Feil DVM', 'esmith@example.org', '2017-07-24 02:49:29', '2017-07-24 02:49:29'),
(1053, 'Darien Brakus PhD', 'madelyn.mosciski@example.org', '2017-07-24 02:49:29', '2017-07-24 02:49:29'),
(1054, 'Prof. Nikki Osinski II', 'allan.zemlak@example.org', '2017-07-24 02:49:29', '2017-07-24 02:49:29'),
(1055, 'Louvenia Weber', 'panderson@example.com', '2017-07-24 02:49:29', '2017-07-24 02:49:29'),
(1056, 'Melvin O''Hara DDS', 'jsipes@example.com', '2017-07-24 02:49:29', '2017-07-24 02:49:29'),
(1057, 'Belle Hyatt', 'jorge.rodriguez@example.net', '2017-07-24 02:49:29', '2017-07-24 02:49:29'),
(1058, 'Jeramie Lebsack', 'juwan38@example.com', '2017-07-24 02:49:29', '2017-07-24 02:49:29'),
(1059, 'Angel Christiansen', 'prolfson@example.org', '2017-07-24 02:49:29', '2017-07-24 02:49:29'),
(1060, 'Abigail Mills', 'elizabeth.anderson@example.net', '2017-07-24 02:49:29', '2017-07-24 02:49:29'),
(1061, 'Gaylord Keebler', 'myra.hoeger@example.com', '2017-07-24 02:49:29', '2017-07-24 02:49:29'),
(1062, 'Leanne Monahan Sr.', 'rowena.cremin@example.net', '2017-07-24 02:49:29', '2017-07-24 02:49:29'),
(1063, 'Katarina Miller', 'lorenza92@example.net', '2017-07-24 02:49:29', '2017-07-24 02:49:29'),
(1064, 'Antonetta Ferry', 'lvandervort@example.net', '2017-07-24 02:49:29', '2017-07-24 02:49:29'),
(1065, 'Xander Konopelski', 'purdy.breanne@example.com', '2017-07-24 02:49:29', '2017-07-24 02:49:29'),
(1066, 'Karelle Emmerich', 'cormier.sallie@example.com', '2017-07-24 02:49:29', '2017-07-24 02:49:29'),
(1067, 'Athena Prohaska', 'malvina20@example.org', '2017-07-24 02:49:29', '2017-07-24 02:49:29'),
(1068, 'Krystina Hagenes', 'ullrich.joaquin@example.net', '2017-07-24 02:49:29', '2017-07-24 02:49:29'),
(1069, 'Creola Yundt', 'claudine.hyatt@example.org', '2017-07-24 02:49:29', '2017-07-24 02:49:29'),
(1070, 'Carlotta Ryan II', 'david45@example.org', '2017-07-24 02:49:29', '2017-07-24 02:49:29'),
(1071, 'Ms. Hannah Heller IV', 'bnicolas@example.net', '2017-07-24 02:49:29', '2017-07-24 02:49:29'),
(1072, 'Mrs. Kiana Hahn MD', 'xvon@example.org', '2017-07-24 02:49:29', '2017-07-24 02:49:29'),
(1073, 'Prof. Keely Hodkiewicz', 'atowne@example.org', '2017-07-24 02:49:29', '2017-07-24 02:49:29'),
(1074, 'Ms. Sibyl Wehner Sr.', 'rschroeder@example.com', '2017-07-24 02:49:29', '2017-07-24 02:49:29'),
(1075, 'Winona Weber', 'waelchi.margie@example.net', '2017-07-24 02:49:29', '2017-07-24 02:49:29'),
(1076, 'Joanne Tremblay', 'zboncak.minnie@example.net', '2017-07-24 02:49:29', '2017-07-24 02:49:29'),
(1077, 'Gust Lindgren IV', 'gino05@example.com', '2017-07-24 02:49:29', '2017-07-24 02:49:29'),
(1078, 'Dr. Vivianne Borer IV', 'sschulist@example.net', '2017-07-24 02:49:29', '2017-07-24 02:49:29'),
(1079, 'Mr. Tremayne Anderson', 'jkreiger@example.net', '2017-07-24 02:49:29', '2017-07-24 02:49:29'),
(1080, 'Fay Bartell', 'gottlieb.herta@example.com', '2017-07-24 02:49:29', '2017-07-24 02:49:29'),
(1081, 'Miss Pattie Towne Jr.', 'braun.deonte@example.com', '2017-07-24 02:49:29', '2017-07-24 02:49:29'),
(1082, 'Prof. Cristina Watsica II', 'marjolaine.murray@example.com', '2017-07-24 02:49:29', '2017-07-24 02:49:29'),
(1083, 'Lina Ziemann', 'crystel80@example.net', '2017-07-24 02:49:29', '2017-07-24 02:49:29'),
(1084, 'Raphaelle Pacocha', 'egutkowski@example.com', '2017-07-24 02:49:29', '2017-07-24 02:49:29'),
(1085, 'Trisha Barrows', 'rath.zola@example.net', '2017-07-24 02:49:29', '2017-07-24 02:49:29'),
(1086, 'Judge Schamberger', 'larry17@example.com', '2017-07-24 02:49:29', '2017-07-24 02:49:29'),
(1087, 'Bette Boyer', 'eldora39@example.net', '2017-07-24 02:49:29', '2017-07-24 02:49:29'),
(1088, 'Jackeline Wuckert Jr.', 'phyllis69@example.org', '2017-07-24 02:49:29', '2017-07-24 02:49:29'),
(1089, 'Mattie Wiza', 'therese68@example.net', '2017-07-24 02:49:29', '2017-07-24 02:49:29'),
(1090, 'Barrett Maggio PhD', 'felipa33@example.com', '2017-07-24 02:49:29', '2017-07-24 02:49:29'),
(1091, 'Gardner Bernier', 'bstamm@example.org', '2017-07-24 02:49:29', '2017-07-24 02:49:29'),
(1092, 'Eldon Gusikowski', 'doug.ward@example.org', '2017-07-24 02:49:29', '2017-07-24 02:49:29'),
(1093, 'Derrick Hayes', 'george98@example.org', '2017-07-24 02:49:29', '2017-07-24 02:49:29'),
(1094, 'Meredith Wisozk', 'oflatley@example.org', '2017-07-24 02:49:29', '2017-07-24 02:49:29'),
(1095, 'Tressie Murazik', 'zaria89@example.net', '2017-07-24 02:49:29', '2017-07-24 02:49:29'),
(1096, 'Miss Alysa Schaefer PhD', 'armstrong.alvah@example.org', '2017-07-24 02:49:29', '2017-07-24 02:49:29'),
(1097, 'Dr. Jordy Hirthe', 'ubeahan@example.com', '2017-07-24 02:49:29', '2017-07-24 02:49:29'),
(1098, 'Ms. Linnie Stehr', 'emory16@example.net', '2017-07-24 02:49:29', '2017-07-24 02:49:29'),
(1099, 'Providenci Legros', 'whills@example.net', '2017-07-24 02:49:29', '2017-07-24 02:49:29'),
(1100, 'Alfreda Waters', 'vjast@example.com', '2017-07-24 02:49:29', '2017-07-24 02:49:29'),
(1101, 'Prof. Aurelie Dickinson', 'jnolan@example.com', '2017-07-24 02:49:29', '2017-07-24 02:49:29'),
(1102, 'Alene Schneider', 'qdibbert@example.com', '2017-07-24 02:49:29', '2017-07-24 02:49:29'),
(1103, 'Kurtis Kohler', 'pstreich@example.com', '2017-07-24 02:49:29', '2017-07-24 02:49:29'),
(1104, 'Rosa Berge', 'maggio.daniela@example.com', '2017-07-24 02:49:29', '2017-07-24 02:49:29'),
(1105, 'Dr. Brendon Dare I', 'leanne.hermann@example.org', '2017-07-24 02:49:29', '2017-07-24 02:49:29'),
(1106, 'Marcos Kessler', 'yost.ansley@example.net', '2017-07-24 02:49:29', '2017-07-24 02:49:29'),
(1107, 'Erin Murray', 'wisozk.adrienne@example.com', '2017-07-24 02:49:29', '2017-07-24 02:49:29'),
(1108, 'Ms. Cayla Monahan', 'aditya47@example.org', '2017-07-24 02:49:29', '2017-07-24 02:49:29'),
(1109, 'Imogene Hudson Sr.', 'cleo99@example.org', '2017-07-24 02:49:29', '2017-07-24 02:49:29'),
(1110, 'Alberta Swift', 'abernathy.darien@example.com', '2017-07-24 02:49:29', '2017-07-24 02:49:29'),
(1111, 'Mr. Rogers Strosin Sr.', 'muller.virgil@example.net', '2017-07-24 02:49:29', '2017-07-24 02:49:29'),
(1112, 'Stella Herzog', 'ehammes@example.org', '2017-07-24 02:49:29', '2017-07-24 02:49:29'),
(1113, 'Prof. Holly Stoltenberg', 'etreutel@example.org', '2017-07-24 02:49:29', '2017-07-24 02:49:29'),
(1114, 'Rhoda Hane Sr.', 'kitty24@example.org', '2017-07-24 02:49:29', '2017-07-24 02:49:29'),
(1115, 'Anika Botsford', 'awitting@example.net', '2017-07-24 02:49:29', '2017-07-24 02:49:29'),
(1116, 'Susie Schiller II', 'kellie.lynch@example.com', '2017-07-24 02:49:29', '2017-07-24 02:49:29'),
(1117, 'Prof. Hortense Braun I', 'moen.lucie@example.org', '2017-07-24 02:49:29', '2017-07-24 02:49:29'),
(1118, 'Zella Hoeger', 'fboyle@example.net', '2017-07-24 02:49:29', '2017-07-24 02:49:29'),
(1119, 'Nova Rice DDS', 'berneice.veum@example.com', '2017-07-24 02:49:29', '2017-07-24 02:49:29'),
(1120, 'Dr. Dillon Franecki DVM', 'sschneider@example.org', '2017-07-24 02:49:29', '2017-07-24 02:49:29'),
(1121, 'Austen Wehner', 'uhuel@example.net', '2017-07-24 02:49:29', '2017-07-24 02:49:29'),
(1122, 'Mr. Clifton Gutmann PhD', 'hertha.hermiston@example.com', '2017-07-24 02:49:29', '2017-07-24 02:49:29'),
(1123, 'Braeden Miller', 'jaskolski.effie@example.org', '2017-07-24 02:49:29', '2017-07-24 02:49:29'),
(1124, 'Micheal Pagac MD', 'reynold90@example.org', '2017-07-24 02:49:29', '2017-07-24 02:49:29'),
(1125, 'Noel Wilderman', 'eryn58@example.net', '2017-07-24 02:49:29', '2017-07-24 02:49:29'),
(1126, 'Rebecca Dickens Sr.', 'krosenbaum@example.net', '2017-07-24 02:49:29', '2017-07-24 02:49:29'),
(1127, 'Dr. Jarrett Kreiger', 'aniyah93@example.com', '2017-07-24 02:49:29', '2017-07-24 02:49:29'),
(1128, 'Susie Mayer', 'lonie63@example.org', '2017-07-24 02:49:29', '2017-07-24 02:49:29'),
(1129, 'Prof. Tate Anderson', 'hackett.nicholas@example.net', '2017-07-24 02:49:29', '2017-07-24 02:49:29'),
(1130, 'Mr. Jerad Ullrich', 'brisa.ohara@example.net', '2017-07-24 02:49:29', '2017-07-24 02:49:29'),
(1131, 'Kale Stiedemann', 'wilkinson.sarah@example.org', '2017-07-24 02:49:29', '2017-07-24 02:49:29'),
(1132, 'Rosalee Cremin', 'cole.christop@example.net', '2017-07-24 02:49:29', '2017-07-24 02:49:29'),
(1133, 'Grace Lemke', 'vkilback@example.net', '2017-07-24 02:49:29', '2017-07-24 02:49:29'),
(1134, 'Pierre Jacobs Jr.', 'leif39@example.net', '2017-07-24 02:49:29', '2017-07-24 02:49:29'),
(1135, 'Richard Buckridge', 'osinski.valentina@example.org', '2017-07-24 02:49:29', '2017-07-24 02:49:29'),
(1136, 'Marshall Bednar', 'adelia37@example.org', '2017-07-24 02:49:29', '2017-07-24 02:49:29'),
(1137, 'Norene Hauck', 'fshanahan@example.org', '2017-07-24 02:49:29', '2017-07-24 02:49:29'),
(1138, 'Prof. Carolanne Quitzon V', 'mraz.antoinette@example.net', '2017-07-24 02:49:29', '2017-07-24 02:49:29'),
(1139, 'Abagail Watsica', 'rosenbaum.kirsten@example.net', '2017-07-24 02:49:29', '2017-07-24 02:49:29'),
(1140, 'Miss Trinity Homenick MD', 'hagenes.kamryn@example.com', '2017-07-24 02:49:29', '2017-07-24 02:49:29'),
(1141, 'Jalyn Russel', 'braxton.deckow@example.org', '2017-07-24 02:49:29', '2017-07-24 02:49:29'),
(1142, 'Mr. Gunnar Reinger Jr.', 'jevon93@example.net', '2017-07-24 02:49:29', '2017-07-24 02:49:29'),
(1143, 'Miss Jaquelin Prosacco DDS', 'rau.ben@example.org', '2017-07-24 02:49:29', '2017-07-24 02:49:29'),
(1144, 'Niko Pagac', 'edare@example.com', '2017-07-24 02:49:29', '2017-07-24 02:49:29'),
(1145, 'Marielle Rippin', 'bechtelar.beaulah@example.net', '2017-07-24 02:49:29', '2017-07-24 02:49:29'),
(1146, 'Prof. Queen Osinski PhD', 'von.wyatt@example.net', '2017-07-24 02:49:29', '2017-07-24 02:49:29'),
(1147, 'Milan Larkin', 'fgraham@example.com', '2017-07-24 02:49:29', '2017-07-24 02:49:29'),
(1148, 'Elmo D''Amore V', 'friedrich53@example.com', '2017-07-24 02:49:29', '2017-07-24 02:49:29'),
(1149, 'Giuseppe Conroy', 'kassulke.melany@example.net', '2017-07-24 02:49:29', '2017-07-24 02:49:29'),
(1150, 'Leonor Bogisich', 'herman.felix@example.com', '2017-07-24 02:49:29', '2017-07-24 02:49:29'),
(1151, 'Federico Kunde', 'frederique.runte@example.net', '2017-07-24 02:49:29', '2017-07-24 02:49:29'),
(1152, 'Liliana Donnelly Jr.', 'elyssa32@example.org', '2017-07-24 02:49:29', '2017-07-24 02:49:29'),
(1153, 'Barton Jacobi', 'fhettinger@example.com', '2017-07-24 02:49:29', '2017-07-24 02:49:29'),
(1154, 'Allison Kunde', 'bethany54@example.org', '2017-07-24 02:49:29', '2017-07-24 02:49:29'),
(1155, 'Nestor Borer', 'elvie.crona@example.com', '2017-07-24 02:49:29', '2017-07-24 02:49:29'),
(1156, 'Kara Schmeler', 'brice.oconner@example.org', '2017-07-24 02:49:29', '2017-07-24 02:49:29'),
(1157, 'Esteban Frami DDS', 'wzieme@example.com', '2017-07-24 02:49:29', '2017-07-24 02:49:29'),
(1158, 'Clement Wunsch', 'jhills@example.com', '2017-07-24 02:49:29', '2017-07-24 02:49:29'),
(1159, 'Camilla Fritsch', 'hilpert.darren@example.com', '2017-07-24 02:49:29', '2017-07-24 02:49:29'),
(1160, 'Adela Blick', 'mary.weimann@example.com', '2017-07-24 02:49:29', '2017-07-24 02:49:29'),
(1161, 'Elmira O''Kon', 'iprice@example.com', '2017-07-24 02:49:29', '2017-07-24 02:49:29'),
(1162, 'Martine Kessler', 'qlowe@example.com', '2017-07-24 02:49:29', '2017-07-24 02:49:29'),
(1163, 'Rusty Barrows DVM', 'tatyana.douglas@example.com', '2017-07-24 02:49:29', '2017-07-24 02:49:29'),
(1164, 'Dr. Lafayette Cremin PhD', 'hackett.savannah@example.org', '2017-07-24 02:49:29', '2017-07-24 02:49:29'),
(1165, 'Dr. Marco Spencer', 'waters.fidel@example.net', '2017-07-24 02:49:29', '2017-07-24 02:49:29'),
(1166, 'Tobin Lubowitz', 'kristina68@example.org', '2017-07-24 02:49:29', '2017-07-24 02:49:29'),
(1167, 'Kira Heaney', 'xledner@example.org', '2017-07-24 02:49:29', '2017-07-24 02:49:29'),
(1168, 'Moises Hilll PhD', 'rutherford.chandler@example.net', '2017-07-24 02:49:29', '2017-07-24 02:49:29'),
(1169, 'Prof. Lowell Koss I', 'bradley.hayes@example.com', '2017-07-24 02:49:29', '2017-07-24 02:49:29'),
(1170, 'Reese Reynolds DDS', 'hagenes.estevan@example.net', '2017-07-24 02:49:29', '2017-07-24 02:49:29'),
(1171, 'Prof. Eldora Maggio V', 'ari.kulas@example.net', '2017-07-24 02:49:29', '2017-07-24 02:49:29'),
(1172, 'Adonis Schaefer', 'damian29@example.com', '2017-07-24 02:49:29', '2017-07-24 02:49:29'),
(1173, 'Geovanny Hodkiewicz', 'eleonore.labadie@example.net', '2017-07-24 02:49:29', '2017-07-24 02:49:29'),
(1174, 'Darwin O''Hara', 'lourdes50@example.net', '2017-07-24 02:49:29', '2017-07-24 02:49:29'),
(1175, 'Kiel Price', 'swift.brenna@example.net', '2017-07-24 02:49:29', '2017-07-24 02:49:29'),
(1176, 'Stan Price', 'bettye04@example.org', '2017-07-24 02:49:29', '2017-07-24 02:49:29'),
(1177, 'Nona Schmeler', 'cale40@example.net', '2017-07-24 02:49:29', '2017-07-24 02:49:29'),
(1178, 'Selina Bosco', 'cesar97@example.net', '2017-07-24 02:49:29', '2017-07-24 02:49:29'),
(1179, 'Nellie Hoppe', 'kertzmann.norberto@example.org', '2017-07-24 02:49:29', '2017-07-24 02:49:29'),
(1180, 'Aurelio Maggio', 'stehr.delta@example.com', '2017-07-24 02:49:29', '2017-07-24 02:49:29'),
(1181, 'Mrs. Samanta Gutmann IV', 'kevin.gusikowski@example.com', '2017-07-24 02:49:29', '2017-07-24 02:49:29'),
(1182, 'Dr. Deanna Harris II', 'cole.meagan@example.net', '2017-07-24 02:49:29', '2017-07-24 02:49:29'),
(1183, 'Bulah Nader', 'tressie85@example.com', '2017-07-24 02:49:29', '2017-07-24 02:49:29'),
(1184, 'Lilly Beatty', 'cummings.fabian@example.org', '2017-07-24 02:49:29', '2017-07-24 02:49:29'),
(1185, 'Freddy Zieme', 'athena52@example.com', '2017-07-24 02:49:29', '2017-07-24 02:49:29'),
(1186, 'Kareem Heathcote', 'imani43@example.com', '2017-07-24 02:49:29', '2017-07-24 02:49:29'),
(1187, 'Prof. Orion Rempel', 'fboehm@example.org', '2017-07-24 02:49:29', '2017-07-24 02:49:29'),
(1188, 'Don Kuhic', 'olin96@example.org', '2017-07-24 02:49:29', '2017-07-24 02:49:29'),
(1189, 'Prof. Araceli Nolan', 'kfriesen@example.net', '2017-07-24 02:49:29', '2017-07-24 02:49:29'),
(1190, 'Hank Labadie Jr.', 'kreiger.brionna@example.org', '2017-07-24 02:49:29', '2017-07-24 02:49:29'),
(1191, 'Napoleon Johnson', 'sshanahan@example.net', '2017-07-24 02:49:29', '2017-07-24 02:49:29'),
(1192, 'Jordi Halvorson', 'abbigail09@example.org', '2017-07-24 02:49:29', '2017-07-24 02:49:29'),
(1193, 'Marisa Zulauf IV', 'krajcik.manuela@example.com', '2017-07-24 02:49:29', '2017-07-24 02:49:29'),
(1194, 'Miss Mellie McCullough II', 'wunsch.adeline@example.net', '2017-07-24 02:49:29', '2017-07-24 02:49:29'),
(1195, 'Nicole Conroy', 'cordia.zemlak@example.net', '2017-07-24 02:49:29', '2017-07-24 02:49:29'),
(1196, 'Destini Okuneva', 'okling@example.com', '2017-07-24 02:49:29', '2017-07-24 02:49:29'),
(1197, 'Prof. Armand Schaefer DVM', 'hillary.grant@example.net', '2017-07-24 02:49:29', '2017-07-24 02:49:29'),
(1198, 'Rosalyn Streich III', 'mikel07@example.net', '2017-07-24 02:49:29', '2017-07-24 02:49:29'),
(1199, 'Jerad Hickle', 'narciso.schuster@example.com', '2017-07-24 02:49:29', '2017-07-24 02:49:29'),
(1200, 'Ms. Bailee Stehr', 'trenton87@example.com', '2017-07-24 02:49:29', '2017-07-24 02:49:29'),
(1201, 'Madonna Nienow', 'margarette92@example.net', '2017-07-24 02:49:29', '2017-07-24 02:49:29'),
(1202, 'Rodrick Jakubowski', 'larkin.krystel@example.com', '2017-07-24 02:49:29', '2017-07-24 02:49:29'),
(1203, 'Orrin Williamson', 'emmy08@example.com', '2017-07-24 02:49:29', '2017-07-24 02:49:29'),
(1204, 'Mr. Kenneth Brakus', 'citlalli28@example.org', '2017-07-24 02:49:29', '2017-07-24 02:49:29'),
(1205, 'Mr. Ezra Leuschke', 'selmer.vonrueden@example.net', '2017-07-24 02:49:29', '2017-07-24 02:49:29'),
(1206, 'Ian Pfeffer', 'fnolan@example.com', '2017-07-24 02:49:29', '2017-07-24 02:49:29'),
(1207, 'Beryl Goodwin', 'hdaugherty@example.org', '2017-07-24 02:49:29', '2017-07-24 02:49:29'),
(1208, 'Prof. Raoul Oberbrunner DDS', 'feest.cathrine@example.com', '2017-07-24 02:49:29', '2017-07-24 02:49:29'),
(1209, 'Dr. Rico Koch Sr.', 'laila.schumm@example.org', '2017-07-24 02:49:29', '2017-07-24 02:49:29'),
(1210, 'Lavinia Cruickshank', 'yupton@example.net', '2017-07-24 02:49:29', '2017-07-24 02:49:29'),
(1211, 'Anastacio Robel', 'xcormier@example.net', '2017-07-24 02:49:29', '2017-07-24 02:49:29'),
(1212, 'Jessica Morar', 'jane.nikolaus@example.net', '2017-07-24 02:49:29', '2017-07-24 02:49:29'),
(1213, 'Mrs. Lavonne Prohaska', 'bashirian.maegan@example.net', '2017-07-24 02:49:29', '2017-07-24 02:49:29'),
(1214, 'Manley Sauer', 'courtney.champlin@example.com', '2017-07-24 02:49:29', '2017-07-24 02:49:29'),
(1215, 'Mr. Felix Fisher', 'cratke@example.com', '2017-07-24 02:49:29', '2017-07-24 02:49:29'),
(1216, 'Dr. Jarod Stroman Sr.', 'schroeder.karine@example.net', '2017-07-24 02:49:29', '2017-07-24 02:49:29'),
(1217, 'Miss Marion Mohr Sr.', 'baby73@example.com', '2017-07-24 02:49:29', '2017-07-24 02:49:29'),
(1218, 'Felipa Price', 'kevon.lesch@example.com', '2017-07-24 02:49:29', '2017-07-24 02:49:29'),
(1219, 'Savanah Funk Sr.', 'estella91@example.org', '2017-07-24 02:49:29', '2017-07-24 02:49:29'),
(1220, 'Prof. Dalton White DDS', 'collins.alayna@example.org', '2017-07-24 02:49:29', '2017-07-24 02:49:29'),
(1221, 'Rosamond Reichert', 'shyanne12@example.net', '2017-07-24 02:49:29', '2017-07-24 02:49:29'),
(1222, 'Erling Upton', 'lyric87@example.net', '2017-07-24 02:49:29', '2017-07-24 02:49:29'),
(1223, 'Darren Glover', 'boreilly@example.net', '2017-07-24 02:49:29', '2017-07-24 02:49:29'),
(1224, 'Genevieve Mayer', 'nprosacco@example.com', '2017-07-24 02:49:29', '2017-07-24 02:49:29'),
(1225, 'Lesley Conn', 'ivah.berge@example.com', '2017-07-24 02:49:29', '2017-07-24 02:49:29'),
(1226, 'Laila Bahringer IV', 'walsh.myra@example.org', '2017-07-24 02:49:29', '2017-07-24 02:49:29'),
(1227, 'Jacques Beatty', 'willard.ledner@example.org', '2017-07-24 02:49:29', '2017-07-24 02:49:29'),
(1228, 'Dr. Pierre Wyman', 'creola.mante@example.com', '2017-07-24 02:49:29', '2017-07-24 02:49:29'),
(1229, 'Myra Wehner', 'rowena.miller@example.com', '2017-07-24 02:49:29', '2017-07-24 02:49:29'),
(1230, 'Eileen Schroeder', 'mertie66@example.net', '2017-07-24 02:49:29', '2017-07-24 02:49:29'),
(1231, 'Stanley Rath', 'rhegmann@example.org', '2017-07-24 02:49:30', '2017-07-24 02:49:30'),
(1232, 'Sigrid Grant', 'rolfson.zander@example.net', '2017-07-24 02:49:30', '2017-07-24 02:49:30'),
(1233, 'Antonette Stokes', 'pagac.alisa@example.org', '2017-07-24 02:49:30', '2017-07-24 02:49:30'),
(1234, 'Ariel Powlowski', 'khagenes@example.com', '2017-07-24 02:49:30', '2017-07-24 02:49:30'),
(1235, 'Peyton Sawayn DVM', 'zstanton@example.org', '2017-07-24 02:49:30', '2017-07-24 02:49:30'),
(1236, 'Prof. Luis Aufderhar', 'king71@example.com', '2017-07-24 02:49:30', '2017-07-24 02:49:30'),
(1237, 'Janae Heaney', 'bernier.priscilla@example.net', '2017-07-24 02:49:30', '2017-07-24 02:49:30'),
(1238, 'Norma Kunde Jr.', 'maybelle28@example.net', '2017-07-24 02:49:30', '2017-07-24 02:49:30'),
(1239, 'Amanda Goyette', 'reilly.diamond@example.com', '2017-07-24 02:49:30', '2017-07-24 02:49:30'),
(1240, 'Osborne Mayert', 'arnulfo.baumbach@example.net', '2017-07-24 02:49:30', '2017-07-24 02:49:30'),
(1241, 'Madyson Wiegand', 'legros.assunta@example.com', '2017-07-24 02:49:30', '2017-07-24 02:49:30'),
(1242, 'Miss Lucinda Satterfield DDS', 'leffler.arnaldo@example.net', '2017-07-24 02:49:30', '2017-07-24 02:49:30'),
(1243, 'Gail Hyatt', 'bpadberg@example.com', '2017-07-24 02:49:30', '2017-07-24 02:49:30'),
(1244, 'Miss Velma Bashirian PhD', 'mayert.mekhi@example.com', '2017-07-24 02:49:30', '2017-07-24 02:49:30'),
(1245, 'Edwardo Bechtelar', 'labernathy@example.com', '2017-07-24 02:49:30', '2017-07-24 02:49:30'),
(1246, 'Pamela Will', 'grady86@example.net', '2017-07-24 02:49:30', '2017-07-24 02:49:30'),
(1247, 'Tabitha Bosco', 'nschinner@example.org', '2017-07-24 02:49:30', '2017-07-24 02:49:30'),
(1248, 'Mr. Vincent Kshlerin V', 'nellie.kuhlman@example.net', '2017-07-24 02:49:30', '2017-07-24 02:49:30'),
(1249, 'Shakira Harvey Sr.', 'aisha.baumbach@example.net', '2017-07-24 02:49:30', '2017-07-24 02:49:30'),
(1250, 'Dr. Madison Veum I', 'rocio53@example.com', '2017-07-24 02:49:30', '2017-07-24 02:49:30'),
(1251, 'Celestino Jenkins', 'zboncak.calista@example.org', '2017-07-24 02:49:30', '2017-07-24 02:49:30'),
(1252, 'Sonny Emard', 'adonis34@example.com', '2017-07-24 02:49:30', '2017-07-24 02:49:30'),
(1253, 'Mr. Elroy Olson DVM', 'mwehner@example.org', '2017-07-24 02:49:30', '2017-07-24 02:49:30'),
(1254, 'Beth Auer', 'henderson97@example.com', '2017-07-24 02:49:30', '2017-07-24 02:49:30'),
(1255, 'Miguel Lynch', 'pswift@example.com', '2017-07-24 02:49:30', '2017-07-24 02:49:30'),
(1256, 'Melody Lueilwitz', 'ohessel@example.org', '2017-07-24 02:49:30', '2017-07-24 02:49:30'),
(1257, 'Nels Monahan', 'jean.brown@example.org', '2017-07-24 02:49:30', '2017-07-24 02:49:30'),
(1258, 'Ms. Itzel Jacobs DDS', 'roger16@example.net', '2017-07-24 02:49:30', '2017-07-24 02:49:30'),
(1259, 'Dr. Jalon Wuckert IV', 'chanel.hoppe@example.net', '2017-07-24 02:49:30', '2017-07-24 02:49:30'),
(1260, 'Eleonore Haag', 'koelpin.jon@example.com', '2017-07-24 02:49:30', '2017-07-24 02:49:30'),
(1261, 'Dr. Annamarie Carroll V', 'delmer14@example.com', '2017-07-24 02:49:30', '2017-07-24 02:49:30'),
(1262, 'Dr. Kylee Hane II', 'ruth.rice@example.com', '2017-07-24 02:49:30', '2017-07-24 02:49:30'),
(1263, 'Kimberly Lubowitz', 'pollich.devonte@example.com', '2017-07-24 02:49:30', '2017-07-24 02:49:30'),
(1264, 'Charlotte Sawayn', 'pfannerstill.eulalia@example.org', '2017-07-24 02:49:30', '2017-07-24 02:49:30'),
(1265, 'Marshall Friesen', 'hartmann.paxton@example.org', '2017-07-24 02:49:30', '2017-07-24 02:49:30'),
(1266, 'Zoila Von', 'aboehm@example.net', '2017-07-24 02:49:30', '2017-07-24 02:49:30'),
(1267, 'Prof. Mavis Bailey V', 'doug.rowe@example.net', '2017-07-24 02:49:30', '2017-07-24 02:49:30'),
(1268, 'Prof. Henriette Braun DVM', 'madie16@example.com', '2017-07-24 02:49:30', '2017-07-24 02:49:30'),
(1269, 'Prof. Della Lemke Jr.', 'rflatley@example.com', '2017-07-24 02:49:30', '2017-07-24 02:49:30'),
(1270, 'Ms. Leta Weimann', 'orpha.emmerich@example.org', '2017-07-24 02:49:30', '2017-07-24 02:49:30'),
(1271, 'Betty Raynor', 'arau@example.org', '2017-07-24 02:49:30', '2017-07-24 02:49:30'),
(1272, 'Demetrius Strosin II', 'mbartell@example.net', '2017-07-24 02:49:30', '2017-07-24 02:49:30'),
(1273, 'Prof. Angel Jenkins', 'josie.anderson@example.net', '2017-07-24 02:49:30', '2017-07-24 02:49:30'),
(1274, 'Ms. Susana Towne MD', 'forrest15@example.org', '2017-07-24 02:49:30', '2017-07-24 02:49:30'),
(1275, 'Verona Hermiston', 'krystal.connelly@example.org', '2017-07-24 02:49:30', '2017-07-24 02:49:30'),
(1276, 'Roscoe Nader', 'nella.murphy@example.org', '2017-07-24 02:49:30', '2017-07-24 02:49:30'),
(1277, 'Dr. Raquel Sporer', 'lpredovic@example.org', '2017-07-24 02:49:30', '2017-07-24 02:49:30'),
(1278, 'Bobby Osinski III', 'rau.selena@example.org', '2017-07-24 02:49:30', '2017-07-24 02:49:30'),
(1279, 'Dr. Anabelle Donnelly', 'madie87@example.org', '2017-07-24 02:49:30', '2017-07-24 02:49:30'),
(1280, 'Prof. Sid Bogisich', 'braxton.hegmann@example.net', '2017-07-24 02:49:30', '2017-07-24 02:49:30'),
(1281, 'Coralie Gulgowski', 'ashley36@example.com', '2017-07-24 02:49:30', '2017-07-24 02:49:30'),
(1282, 'Willow Thompson', 'kenny23@example.org', '2017-07-24 02:49:30', '2017-07-24 02:49:30'),
(1283, 'Miss Estefania Douglas', 'lschmidt@example.com', '2017-07-24 02:49:30', '2017-07-24 02:49:30'),
(1284, 'Allene Williamson', 'ykuhn@example.net', '2017-07-24 02:49:30', '2017-07-24 02:49:30'),
(1285, 'Sylvan Kuhic', 'rohan.arnulfo@example.org', '2017-07-24 02:49:30', '2017-07-24 02:49:30'),
(1286, 'Margarette Runolfsson', 'faye77@example.net', '2017-07-24 02:49:30', '2017-07-24 02:49:30'),
(1287, 'Mr. Cletus Hammes', 'xklein@example.com', '2017-07-24 02:49:30', '2017-07-24 02:49:30'),
(1288, 'Rod Reilly', 'ebrown@example.net', '2017-07-24 02:49:30', '2017-07-24 02:49:30'),
(1289, 'Josefa Crist Sr.', 'droberts@example.com', '2017-07-24 02:49:30', '2017-07-24 02:49:30'),
(1290, 'Zakary Murphy PhD', 'mya.kemmer@example.net', '2017-07-24 02:49:30', '2017-07-24 02:49:30'),
(1291, 'Gideon Dickinson III', 'hailey56@example.com', '2017-07-24 02:49:30', '2017-07-24 02:49:30'),
(1292, 'Ashtyn Keeling', 'gaylord.dereck@example.org', '2017-07-24 02:49:30', '2017-07-24 02:49:30'),
(1293, 'Berniece Spinka', 'dayana72@example.org', '2017-07-24 02:49:30', '2017-07-24 02:49:30'),
(1294, 'Theodore Mitchell DDS', 'chloe46@example.net', '2017-07-24 02:49:30', '2017-07-24 02:49:30'),
(1295, 'Antonetta Hayes', 'emilio.renner@example.org', '2017-07-24 02:49:30', '2017-07-24 02:49:30'),
(1296, 'Precious Lehner', 'katelyn.beier@example.org', '2017-07-24 02:49:30', '2017-07-24 02:49:30'),
(1297, 'Candace Kertzmann PhD', 'fblick@example.com', '2017-07-24 02:49:30', '2017-07-24 02:49:30'),
(1298, 'Madalyn Franecki', 'heidi.ferry@example.net', '2017-07-24 02:49:30', '2017-07-24 02:49:30'),
(1299, 'Prof. Jocelyn Little', 'romaine.tromp@example.net', '2017-07-24 02:49:30', '2017-07-24 02:49:30'),
(1300, 'Rhea Upton', 'cremin.oren@example.net', '2017-07-24 02:49:30', '2017-07-24 02:49:30'),
(1301, 'Bernadette Padberg', 'cristian02@example.com', '2017-07-24 02:49:30', '2017-07-24 02:49:30'),
(1302, 'Berneice Lehner', 'wilkinson.lysanne@example.org', '2017-07-24 02:49:30', '2017-07-24 02:49:30'),
(1303, 'Dr. Jaren Greenfelder DDS', 'kennedy.rohan@example.com', '2017-07-24 02:49:30', '2017-07-24 02:49:30'),
(1304, 'Wilhelmine Rath', 'okon.ellen@example.org', '2017-07-24 02:49:30', '2017-07-24 02:49:30'),
(1305, 'Magdalen Schulist', 'raquel.greenholt@example.net', '2017-07-24 02:49:30', '2017-07-24 02:49:30'),
(1306, 'Bobbie Ruecker I', 'norma.schamberger@example.com', '2017-07-24 02:49:30', '2017-07-24 02:49:30'),
(1307, 'Clovis Konopelski', 'berniece.jones@example.com', '2017-07-24 02:49:30', '2017-07-24 02:49:30'),
(1308, 'Dr. Hobart Green I', 'xstamm@example.org', '2017-07-24 02:49:30', '2017-07-24 02:49:30'),
(1309, 'Keon McClure', 'xfeil@example.net', '2017-07-24 02:49:30', '2017-07-24 02:49:30'),
(1310, 'Ms. Kavon Botsford', 'brooks.terry@example.net', '2017-07-24 02:49:30', '2017-07-24 02:49:30'),
(1311, 'Danika Lesch', 'tanya21@example.net', '2017-07-24 02:49:30', '2017-07-24 02:49:30'),
(1312, 'Mr. Joey Walter', 'fabian.hintz@example.org', '2017-07-24 02:49:30', '2017-07-24 02:49:30'),
(1313, 'Grady Rodriguez', 'monica.renner@example.com', '2017-07-24 02:49:30', '2017-07-24 02:49:30'),
(1314, 'Dr. Davin Smitham', 'julia.lueilwitz@example.org', '2017-07-24 02:49:30', '2017-07-24 02:49:30'),
(1315, 'Jaunita Mills II', 'lebsack.okey@example.com', '2017-07-24 02:49:30', '2017-07-24 02:49:30'),
(1316, 'Miss Piper Purdy', 'rpfeffer@example.com', '2017-07-24 02:49:30', '2017-07-24 02:49:30'),
(1317, 'Berry Schowalter', 'rogelio61@example.org', '2017-07-24 02:49:30', '2017-07-24 02:49:30'),
(1318, 'Rashawn Mayer', 'jacklyn.schmitt@example.com', '2017-07-24 02:49:30', '2017-07-24 02:49:30'),
(1319, 'Miss Alana Effertz IV', 'parker.dickinson@example.org', '2017-07-24 02:49:30', '2017-07-24 02:49:30'),
(1320, 'Darrion Baumbach', 'hickle.brock@example.net', '2017-07-24 02:49:30', '2017-07-24 02:49:30'),
(1321, 'Frederick Ullrich MD', 'agustin58@example.org', '2017-07-24 02:49:30', '2017-07-24 02:49:30'),
(1322, 'Fay Rolfson', 'hgutmann@example.org', '2017-07-24 02:49:30', '2017-07-24 02:49:30'),
(1323, 'Cristopher Steuber', 'sterling.zemlak@example.org', '2017-07-24 02:49:30', '2017-07-24 02:49:30'),
(1324, 'Mr. Rogelio Skiles I', 'eichmann.nathen@example.com', '2017-07-24 02:49:30', '2017-07-24 02:49:30'),
(1325, 'Dr. Bettie Champlin I', 'mary60@example.net', '2017-07-24 02:49:30', '2017-07-24 02:49:30'),
(1326, 'Rowland Hartmann', 'ferry.elenor@example.net', '2017-07-24 02:49:30', '2017-07-24 02:49:30'),
(1327, 'Sallie Gerlach', 'gino49@example.com', '2017-07-24 02:49:30', '2017-07-24 02:49:30'),
(1328, 'Miss Bernadette Erdman', 'stella42@example.com', '2017-07-24 02:49:30', '2017-07-24 02:49:30'),
(1329, 'Miss Audra Mosciski III', 'adolfo.von@example.com', '2017-07-24 02:49:30', '2017-07-24 02:49:30'),
(1330, 'Brett Stanton IV', 'fwhite@example.org', '2017-07-24 02:49:30', '2017-07-24 02:49:30'),
(1331, 'Lesly Bergstrom', 'deckow.cordie@example.com', '2017-07-24 02:49:30', '2017-07-24 02:49:30'),
(1332, 'Malachi Corwin', 'maureen.pfeffer@example.org', '2017-07-24 02:49:30', '2017-07-24 02:49:30'),
(1333, 'Janae Jaskolski', 'haylee86@example.net', '2017-07-24 02:49:30', '2017-07-24 02:49:30'),
(1334, 'Al Roob', 'haven08@example.com', '2017-07-24 02:49:30', '2017-07-24 02:49:30'),
(1335, 'Dr. Demetrius Robel', 'kuvalis.daryl@example.org', '2017-07-24 02:49:30', '2017-07-24 02:49:30'),
(1336, 'Precious Schuppe', 'zlegros@example.net', '2017-07-24 02:49:30', '2017-07-24 02:49:30'),
(1337, 'Miss Esta Kirlin', 'cheyenne92@example.org', '2017-07-24 02:49:30', '2017-07-24 02:49:30'),
(1338, 'Violette Rice', 'serena81@example.net', '2017-07-24 02:49:30', '2017-07-24 02:49:30'),
(1339, 'Ransom Grant IV', 'malika.stiedemann@example.net', '2017-07-24 02:49:30', '2017-07-24 02:49:30'),
(1340, 'Ervin Macejkovic', 'jordi53@example.net', '2017-07-24 02:49:30', '2017-07-24 02:49:30'),
(1341, 'Junius Walter', 'hegmann.vallie@example.org', '2017-07-24 02:49:30', '2017-07-24 02:49:30'),
(1342, 'Ms. Sasha Hudson PhD', 'lebsack.destiny@example.org', '2017-07-24 02:49:30', '2017-07-24 02:49:30'),
(1343, 'Maxie Fadel IV', 'mariam.braun@example.org', '2017-07-24 02:49:30', '2017-07-24 02:49:30'),
(1344, 'Mr. Liam Bradtke DVM', 'nigel66@example.com', '2017-07-24 02:49:30', '2017-07-24 02:49:30'),
(1345, 'Waldo D''Amore IV', 'johnson.antonio@example.net', '2017-07-24 02:49:30', '2017-07-24 02:49:30'),
(1346, 'Keshawn Price', 'zkub@example.net', '2017-07-24 02:49:30', '2017-07-24 02:49:30'),
(1347, 'Anabelle Hirthe', 'sandrine.conroy@example.com', '2017-07-24 02:49:30', '2017-07-24 02:49:30'),
(1348, 'Kamren Dickinson', 'ervin.johnston@example.com', '2017-07-24 02:49:30', '2017-07-24 02:49:30'),
(1349, 'Prof. Selmer Collier Sr.', 'linnea.sipes@example.net', '2017-07-24 02:49:30', '2017-07-24 02:49:30'),
(1350, 'Maximillian Cummerata', 'mara.lang@example.org', '2017-07-24 02:49:30', '2017-07-24 02:49:30'),
(1351, 'Mr. Korey Strosin IV', 'zhowe@example.net', '2017-07-24 02:49:30', '2017-07-24 02:49:30'),
(1352, 'Kiera Veum', 'lacey83@example.com', '2017-07-24 02:49:30', '2017-07-24 02:49:30'),
(1353, 'Mrs. Leann Weissnat II', 'angelica65@example.net', '2017-07-24 02:49:30', '2017-07-24 02:49:30'),
(1354, 'Sophie Romaguera', 'saul50@example.org', '2017-07-24 02:49:30', '2017-07-24 02:49:30'),
(1355, 'Franz Quigley', 'mustafa.eichmann@example.net', '2017-07-24 02:49:30', '2017-07-24 02:49:30'),
(1356, 'Mr. Judah Stroman', 'jayda72@example.com', '2017-07-24 02:49:30', '2017-07-24 02:49:30'),
(1357, 'Dr. Ruben Simonis', 'ohara.lambert@example.org', '2017-07-24 02:49:30', '2017-07-24 02:49:30'),
(1358, 'Fred Mitchell', 'braun.greyson@example.org', '2017-07-24 02:49:30', '2017-07-24 02:49:30'),
(1359, 'Kayley Jones', 'goodwin.dante@example.org', '2017-07-24 02:49:30', '2017-07-24 02:49:30'),
(1360, 'Candida Hoeger', 'bohara@example.org', '2017-07-24 02:49:30', '2017-07-24 02:49:30'),
(1361, 'Alfonzo Kemmer', 'hollie.mcglynn@example.net', '2017-07-24 02:49:30', '2017-07-24 02:49:30'),
(1362, 'Floyd Mitchell', 'lillie76@example.org', '2017-07-24 02:49:30', '2017-07-24 02:49:30'),
(1363, 'Dr. Edward Kemmer', 'zschamberger@example.net', '2017-07-24 02:49:30', '2017-07-24 02:49:30'),
(1364, 'Ezequiel Krajcik', 'lrunolfsdottir@example.net', '2017-07-24 02:49:30', '2017-07-24 02:49:30'),
(1365, 'Emerald Ziemann', 'jhand@example.org', '2017-07-24 02:49:30', '2017-07-24 02:49:30'),
(1366, 'Mr. Anastacio Dooley', 'esta.schmeler@example.com', '2017-07-24 02:49:30', '2017-07-24 02:49:30'),
(1367, 'Taylor Waters', 'sarah.hartmann@example.net', '2017-07-24 02:49:30', '2017-07-24 02:49:30'),
(1368, 'Daren Johnson', 'rhiannon02@example.com', '2017-07-24 02:49:30', '2017-07-24 02:49:30'),
(1369, 'Rachel Wolff', 'parker.annette@example.com', '2017-07-24 02:49:30', '2017-07-24 02:49:30'),
(1370, 'Eino Mitchell', 'georgiana.legros@example.net', '2017-07-24 02:49:30', '2017-07-24 02:49:30'),
(1371, 'Prof. Esteban Schimmel', 'afton45@example.net', '2017-07-24 02:49:30', '2017-07-24 02:49:30'),
(1372, 'Irving Cartwright', 'odessa.mosciski@example.com', '2017-07-24 02:49:30', '2017-07-24 02:49:30'),
(1373, 'Sandrine Bernier', 'vklein@example.org', '2017-07-24 02:49:30', '2017-07-24 02:49:30'),
(1374, 'Randal Fadel', 'beatty.otis@example.com', '2017-07-24 02:49:30', '2017-07-24 02:49:30'),
(1375, 'Shannon West', 'gayle.nienow@example.com', '2017-07-24 02:49:30', '2017-07-24 02:49:30'),
(1376, 'Pink Mante', 'wolf.lilian@example.com', '2017-07-24 02:49:30', '2017-07-24 02:49:30'),
(1377, 'Idell Robel', 'gdicki@example.net', '2017-07-24 02:49:30', '2017-07-24 02:49:30'),
(1378, 'Brando Gusikowski', 'lilly.schneider@example.com', '2017-07-24 02:49:30', '2017-07-24 02:49:30'),
(1379, 'Marian Donnelly Sr.', 'jackie.pollich@example.com', '2017-07-24 02:49:30', '2017-07-24 02:49:30'),
(1380, 'Mr. Reed Lang MD', 'blanca.daugherty@example.com', '2017-07-24 02:49:30', '2017-07-24 02:49:30'),
(1381, 'Miss Isabel Bosco Jr.', 'dboehm@example.org', '2017-07-24 02:49:30', '2017-07-24 02:49:30'),
(1382, 'Misael Buckridge', 'beahan.dana@example.com', '2017-07-24 02:49:30', '2017-07-24 02:49:30'),
(1383, 'Julien Larkin', 'schoen.lenora@example.org', '2017-07-24 02:49:30', '2017-07-24 02:49:30'),
(1384, 'Britney Corwin PhD', 'donna48@example.net', '2017-07-24 02:49:30', '2017-07-24 02:49:30'),
(1385, 'Jeremie Hegmann', 'laney.morar@example.net', '2017-07-24 02:49:30', '2017-07-24 02:49:30'),
(1386, 'Bennett Brekke', 'sgrady@example.net', '2017-07-24 02:49:30', '2017-07-24 02:49:30'),
(1387, 'Alfonzo Koepp', 'dbayer@example.com', '2017-07-24 02:49:30', '2017-07-24 02:49:30'),
(1388, 'Everett Bayer', 'jerome91@example.net', '2017-07-24 02:49:30', '2017-07-24 02:49:30'),
(1389, 'Erling Weissnat', 'giovanni.waters@example.com', '2017-07-24 02:49:30', '2017-07-24 02:49:30'),
(1390, 'Lenny Barton', 'annette26@example.com', '2017-07-24 02:49:30', '2017-07-24 02:49:30'),
(1391, 'Mr. Nestor Jacobs MD', 'rosella.heidenreich@example.com', '2017-07-24 02:49:30', '2017-07-24 02:49:30'),
(1392, 'Randall Ledner', 'holden20@example.com', '2017-07-24 02:49:30', '2017-07-24 02:49:30'),
(1393, 'Juana Schoen', 'cmiller@example.net', '2017-07-24 02:49:30', '2017-07-24 02:49:30'),
(1394, 'Prof. Sydney Pagac', 'jennie.jenkins@example.net', '2017-07-24 02:49:30', '2017-07-24 02:49:30'),
(1395, 'Ms. Sarah Hand', 'elta58@example.com', '2017-07-24 02:49:30', '2017-07-24 02:49:30'),
(1396, 'Dr. Gay Goldner', 'goyette.jaeden@example.org', '2017-07-24 02:49:30', '2017-07-24 02:49:30'),
(1397, 'Prof. Alfredo Hudson III', 'felipe.osinski@example.com', '2017-07-24 02:49:30', '2017-07-24 02:49:30'),
(1398, 'Dr. Sasha Adams MD', 'myrtice.jerde@example.org', '2017-07-24 02:49:30', '2017-07-24 02:49:30'),
(1399, 'Itzel Watsica', 'dwilkinson@example.com', '2017-07-24 02:49:30', '2017-07-24 02:49:30'),
(1400, 'Dangelo Schulist', 'braxton77@example.org', '2017-07-24 02:49:30', '2017-07-24 02:49:30'),
(1401, 'Ervin Quigley Sr.', 'myles41@example.org', '2017-07-24 02:49:30', '2017-07-24 02:49:30'),
(1402, 'Zachary Keebler PhD', 'ryann.hettinger@example.com', '2017-07-24 02:49:30', '2017-07-24 02:49:30'),
(1403, 'Cade Yost', 'enoch11@example.org', '2017-07-24 02:49:30', '2017-07-24 02:49:30'),
(1404, 'Rubye Auer', 'zbins@example.com', '2017-07-24 02:49:30', '2017-07-24 02:49:30'),
(1405, 'Elisha Grimes', 'quentin.wuckert@example.com', '2017-07-24 02:49:30', '2017-07-24 02:49:30'),
(1406, 'Shyann Hauck', 'yharris@example.com', '2017-07-24 02:49:30', '2017-07-24 02:49:30'),
(1407, 'Leta Purdy DDS', 'goconnell@example.net', '2017-07-24 02:49:30', '2017-07-24 02:49:30'),
(1408, 'Ashly Boyle DVM', 'sauer.catalina@example.com', '2017-07-24 02:49:30', '2017-07-24 02:49:30'),
(1409, 'Wilford Hermann', 'chadd50@example.net', '2017-07-24 02:49:30', '2017-07-24 02:49:30'),
(1410, 'Gaylord Klocko', 'camille.swift@example.org', '2017-07-24 02:49:30', '2017-07-24 02:49:30'),
(1411, 'Henri Okuneva', 'jaleel64@example.com', '2017-07-24 02:49:30', '2017-07-24 02:49:30'),
(1412, 'Tate Miller', 'zcruickshank@example.net', '2017-07-24 02:49:30', '2017-07-24 02:49:30'),
(1413, 'Monty Shanahan', 'abeatty@example.org', '2017-07-24 02:49:30', '2017-07-24 02:49:30'),
(1414, 'Lucinda Kovacek', 'wrunte@example.org', '2017-07-24 02:49:30', '2017-07-24 02:49:30'),
(1415, 'Hank Donnelly', 'goldner.pedro@example.net', '2017-07-24 02:49:30', '2017-07-24 02:49:30'),
(1416, 'Genesis Lubowitz', 'moore.isabell@example.com', '2017-07-24 02:49:30', '2017-07-24 02:49:30'),
(1417, 'Prof. Sanford West', 'aida39@example.net', '2017-07-24 02:49:30', '2017-07-24 02:49:30'),
(1418, 'Ms. Bridget Mosciski MD', 'mdenesik@example.org', '2017-07-24 02:49:30', '2017-07-24 02:49:30'),
(1419, 'Miss Amina Quitzon II', 'mary11@example.com', '2017-07-24 02:49:30', '2017-07-24 02:49:30'),
(1420, 'Suzanne Jerde', 'gaylord.jessyca@example.org', '2017-07-24 02:49:30', '2017-07-24 02:49:30'),
(1421, 'Mary Sporer', 'lakin.marjory@example.net', '2017-07-24 02:49:30', '2017-07-24 02:49:30'),
(1422, 'Prof. Isabella Kutch', 'cassin.lesley@example.net', '2017-07-24 02:49:30', '2017-07-24 02:49:30'),
(1423, 'Neva Maggio', 'hconn@example.org', '2017-07-24 02:49:30', '2017-07-24 02:49:30'),
(1424, 'Sonny Purdy DDS', 'qbuckridge@example.org', '2017-07-24 02:49:30', '2017-07-24 02:49:30'),
(1425, 'Ralph Spinka', 'price.helena@example.com', '2017-07-24 02:49:30', '2017-07-24 02:49:30'),
(1426, 'Damaris Hahn', 'vkoelpin@example.net', '2017-07-24 02:49:30', '2017-07-24 02:49:30'),
(1427, 'Dr. Willard Cummerata V', 'judah.padberg@example.org', '2017-07-24 02:49:30', '2017-07-24 02:49:30'),
(1428, 'Prof. Elouise Homenick II', 'rbraun@example.org', '2017-07-24 02:49:30', '2017-07-24 02:49:30'),
(1429, 'Corrine Rohan', 'lonzo.schowalter@example.com', '2017-07-24 02:49:30', '2017-07-24 02:49:30'),
(1430, 'Dr. Marcelo DuBuque', 'branson.gleason@example.com', '2017-07-24 02:49:30', '2017-07-24 02:49:30'),
(1431, 'Raul Cole', 'rfahey@example.com', '2017-07-24 02:49:30', '2017-07-24 02:49:30'),
(1432, 'Catalina Cormier', 'kathlyn.emmerich@example.com', '2017-07-24 02:49:30', '2017-07-24 02:49:30'),
(1433, 'Garrett Keebler', 'barmstrong@example.net', '2017-07-24 02:49:30', '2017-07-24 02:49:30'),
(1434, 'Candelario Mante', 'green.clemmie@example.com', '2017-07-24 02:49:30', '2017-07-24 02:49:30'),
(1435, 'Rocio Gerhold', 'jast.adriana@example.com', '2017-07-24 02:49:30', '2017-07-24 02:49:30'),
(1436, 'Dr. Cydney Wilkinson PhD', 'jacobi.noah@example.net', '2017-07-24 02:49:30', '2017-07-24 02:49:30'),
(1437, 'Haven Schuster', 'leone44@example.com', '2017-07-24 02:49:30', '2017-07-24 02:49:30'),
(1438, 'Camille Lebsack', 'graham.lea@example.net', '2017-07-24 02:49:30', '2017-07-24 02:49:30'),
(1439, 'Nels McLaughlin', 'samson12@example.org', '2017-07-24 02:49:30', '2017-07-24 02:49:30'),
(1440, 'Gilda Goodwin', 'ybailey@example.com', '2017-07-24 02:49:30', '2017-07-24 02:49:30'),
(1441, 'Ellen Ziemann', 'ritchie.kristy@example.org', '2017-07-24 02:49:30', '2017-07-24 02:49:30'),
(1442, 'Mr. Paxton Schuppe', 'thurman.herzog@example.net', '2017-07-24 02:49:30', '2017-07-24 02:49:30'),
(1443, 'Prof. Herminia Morar Sr.', 'belle71@example.com', '2017-07-24 02:49:30', '2017-07-24 02:49:30'),
(1444, 'Flavio Ullrich', 'karlee.beatty@example.net', '2017-07-24 02:49:30', '2017-07-24 02:49:30'),
(1445, 'Cordie Pagac', 'rhalvorson@example.org', '2017-07-24 02:49:30', '2017-07-24 02:49:30'),
(1446, 'Dr. Maximus Thiel', 'swaniawski.christina@example.net', '2017-07-24 02:49:31', '2017-07-24 02:49:31'),
(1447, 'Ursula Hackett', 'maxine.paucek@example.com', '2017-07-24 02:49:31', '2017-07-24 02:49:31'),
(1448, 'Miss Scarlett Tromp PhD', 'boehm.luigi@example.org', '2017-07-24 02:49:31', '2017-07-24 02:49:31'),
(1449, 'Dejon Feil', 'alison.fritsch@example.org', '2017-07-24 02:49:31', '2017-07-24 02:49:31'),
(1450, 'Ulices Wuckert', 'vpurdy@example.net', '2017-07-24 02:49:31', '2017-07-24 02:49:31'),
(1451, 'Elijah Jacobson', 'mittie.ratke@example.org', '2017-07-24 02:49:31', '2017-07-24 02:49:31'),
(1452, 'Prof. Elody Balistreri', 'guido05@example.org', '2017-07-24 02:49:31', '2017-07-24 02:49:31'),
(1453, 'Luella Feil', 'woodrow.oconner@example.org', '2017-07-24 02:49:31', '2017-07-24 02:49:31'),
(1454, 'Miss Margaret Von', 'rogahn.freddy@example.net', '2017-07-24 02:49:31', '2017-07-24 02:49:31'),
(1455, 'Miss Margarita Bailey III', 'kshlerin.ransom@example.net', '2017-07-24 02:49:31', '2017-07-24 02:49:31'),
(1456, 'Donavon VonRueden', 'isabelle.lehner@example.net', '2017-07-24 02:49:31', '2017-07-24 02:49:31'),
(1457, 'Prof. Tiana Ratke', 'bgaylord@example.org', '2017-07-24 02:49:31', '2017-07-24 02:49:31'),
(1458, 'Dorian Altenwerth', 'ronaldo93@example.net', '2017-07-24 02:49:31', '2017-07-24 02:49:31'),
(1459, 'Clotilde Haley DVM', 'jmitchell@example.net', '2017-07-24 02:49:31', '2017-07-24 02:49:31'),
(1460, 'Agustin Lehner', 'julian43@example.net', '2017-07-24 02:49:31', '2017-07-24 02:49:31'),
(1461, 'Viva Predovic', 'johathan61@example.net', '2017-07-24 02:49:31', '2017-07-24 02:49:31'),
(1462, 'Bertrand Von DVM', 'fletcher36@example.com', '2017-07-24 02:49:31', '2017-07-24 02:49:31'),
(1463, 'Arnoldo Borer', 'ckshlerin@example.com', '2017-07-24 02:49:31', '2017-07-24 02:49:31'),
(1464, 'Estevan Swaniawski', 'stephen.schumm@example.net', '2017-07-24 02:49:31', '2017-07-24 02:49:31'),
(1465, 'Dr. Micah Ledner', 'buckridge.nils@example.com', '2017-07-24 02:49:31', '2017-07-24 02:49:31'),
(1466, 'Leonard Schoen DDS', 'jcassin@example.net', '2017-07-24 02:49:31', '2017-07-24 02:49:31'),
(1467, 'Dr. Francesco Bogisich', 'hodkiewicz.heloise@example.org', '2017-07-24 02:49:31', '2017-07-24 02:49:31'),
(1468, 'Muriel Klocko', 'rudy.stiedemann@example.com', '2017-07-24 02:49:31', '2017-07-24 02:49:31'),
(1469, 'Garrison Pagac', 'maxine36@example.net', '2017-07-24 02:49:31', '2017-07-24 02:49:31'),
(1470, 'Prof. Verner Deckow', 'leopoldo.huel@example.com', '2017-07-24 02:49:31', '2017-07-24 02:49:31'),
(1471, 'Gregorio Borer', 'modesta89@example.com', '2017-07-24 02:49:31', '2017-07-24 02:49:31'),
(1472, 'Lysanne Harris', 'sienna48@example.com', '2017-07-24 02:49:31', '2017-07-24 02:49:31'),
(1473, 'Patience Lind', 'drempel@example.com', '2017-07-24 02:49:31', '2017-07-24 02:49:31'),
(1474, 'Harmon Gusikowski', 'joel.klocko@example.net', '2017-07-24 02:49:31', '2017-07-24 02:49:31'),
(1475, 'Zoe Ledner MD', 'sluettgen@example.org', '2017-07-24 02:49:31', '2017-07-24 02:49:31'),
(1476, 'Laurence Cormier', 'berge.martine@example.net', '2017-07-24 02:49:31', '2017-07-24 02:49:31'),
(1477, 'Koby Boyle II', 'dominique.grady@example.com', '2017-07-24 02:49:31', '2017-07-24 02:49:31'),
(1478, 'Thelma Herzog', 'herzog.ally@example.net', '2017-07-24 02:49:31', '2017-07-24 02:49:31'),
(1479, 'Dr. Guadalupe Gaylord', 'beverly62@example.net', '2017-07-24 02:49:31', '2017-07-24 02:49:31'),
(1480, 'Osborne Stiedemann III', 'tanner42@example.org', '2017-07-24 02:49:31', '2017-07-24 02:49:31'),
(1481, 'Ruben Murazik', 'paucek.mayra@example.org', '2017-07-24 02:49:31', '2017-07-24 02:49:31'),
(1482, 'Gwendolyn O''Keefe', 'zcarroll@example.com', '2017-07-24 02:49:31', '2017-07-24 02:49:31'),
(1483, 'Hadley Funk', 'denesik.alice@example.org', '2017-07-24 02:49:31', '2017-07-24 02:49:31'),
(1484, 'Prof. Yasmin Waters Sr.', 'vonrueden.angeline@example.org', '2017-07-24 02:49:31', '2017-07-24 02:49:31'),
(1485, 'Mrs. Dayna Flatley', 'feest.tomas@example.net', '2017-07-24 02:49:31', '2017-07-24 02:49:31'),
(1486, 'Dr. Lyda Oberbrunner MD', 'qtremblay@example.org', '2017-07-24 02:49:31', '2017-07-24 02:49:31'),
(1487, 'Antwon Lebsack', 'isai13@example.net', '2017-07-24 02:49:31', '2017-07-24 02:49:31'),
(1488, 'Lucienne Graham', 'mona.huels@example.net', '2017-07-24 02:49:31', '2017-07-24 02:49:31'),
(1489, 'Rylan Dickinson', 'lynch.kailey@example.org', '2017-07-24 02:49:31', '2017-07-24 02:49:31'),
(1490, 'Dr. Eden Greenholt DVM', 'kaleigh.trantow@example.org', '2017-07-24 02:49:31', '2017-07-24 02:49:31'),
(1491, 'Prof. Rhett Roberts Jr.', 'victoria.maggio@example.com', '2017-07-24 02:49:31', '2017-07-24 02:49:31'),
(1492, 'Demario Feeney', 'fbashirian@example.org', '2017-07-24 02:49:31', '2017-07-24 02:49:31'),
(1493, 'Martin Kub II', 'michel.streich@example.net', '2017-07-24 02:49:31', '2017-07-24 02:49:31'),
(1494, 'Prof. Stuart Wiza II', 'considine.emmy@example.org', '2017-07-24 02:49:31', '2017-07-24 02:49:31'),
(1495, 'Tamia Lind', 'bhowell@example.com', '2017-07-24 02:49:31', '2017-07-24 02:49:31'),
(1496, 'Maud Bauch', 'fadel.derek@example.com', '2017-07-24 02:49:31', '2017-07-24 02:49:31'),
(1497, 'Daron Gleason', 'buster.littel@example.org', '2017-07-24 02:49:31', '2017-07-24 02:49:31'),
(1498, 'Charles McCullough', 'maritza19@example.org', '2017-07-24 02:49:31', '2017-07-24 02:49:31'),
(1499, 'Cary Schinner', 'glynch@example.net', '2017-07-24 02:49:31', '2017-07-24 02:49:31'),
(1500, 'Mrs. Lenore Hintz', 'clangworth@example.net', '2017-07-24 02:49:31', '2017-07-24 02:49:31'),
(1501, 'Miss Meghan Purdy', 'deborah.mayer@example.org', '2017-07-24 02:49:31', '2017-07-24 02:49:31'),
(1502, 'Emelie O''Hara', 'vena54@example.net', '2017-07-24 02:49:31', '2017-07-24 02:49:31'),
(1503, 'Mr. Enid Abbott DVM', 'nella07@example.net', '2017-07-24 02:49:31', '2017-07-24 02:49:31'),
(1504, 'Josh Grant', 'klocko.davion@example.org', '2017-07-24 02:49:31', '2017-07-24 02:49:31'),
(1505, 'Regan Koelpin', 'schroeder.nathanial@example.net', '2017-07-24 02:49:31', '2017-07-24 02:49:31'),
(1506, 'Darrion Schuppe', 'ora.gulgowski@example.net', '2017-07-24 02:49:31', '2017-07-24 02:49:31'),
(1507, 'Pink Jast', 'robin.howe@example.com', '2017-07-24 02:49:31', '2017-07-24 02:49:31'),
(1508, 'Alia Roberts', 'pabshire@example.com', '2017-07-24 02:49:31', '2017-07-24 02:49:31'),
(1509, 'Dr. Tomas Pacocha IV', 'alaina83@example.com', '2017-07-24 02:49:31', '2017-07-24 02:49:31'),
(1510, 'Kiana Kassulke', 'marcel52@example.org', '2017-07-24 02:49:31', '2017-07-24 02:49:31'),
(1511, 'Shyann Schowalter', 'moses76@example.net', '2017-07-24 02:49:31', '2017-07-24 02:49:31'),
(1512, 'Jacquelyn Hintz', 'yryan@example.net', '2017-07-24 02:49:31', '2017-07-24 02:49:31'),
(1513, 'Prof. Josefina Jacobi', 'dibbert.zander@example.org', '2017-07-24 02:49:31', '2017-07-24 02:49:31'),
(1514, 'Prof. Lorine Watsica III', 'cale05@example.com', '2017-07-24 02:49:31', '2017-07-24 02:49:31'),
(1515, 'Mrs. Tressie Farrell', 'yost.lilla@example.net', '2017-07-24 02:49:31', '2017-07-24 02:49:31'),
(1516, 'Claudia Kuhlman', 'ltremblay@example.com', '2017-07-24 02:49:31', '2017-07-24 02:49:31'),
(1517, 'Prof. Zachery Morar', 'uemmerich@example.net', '2017-07-24 02:49:31', '2017-07-24 02:49:31'),
(1518, 'Alene Ondricka I', 'ccrist@example.com', '2017-07-24 02:49:31', '2017-07-24 02:49:31'),
(1519, 'Prof. Daryl Rempel Sr.', 'brielle.jaskolski@example.net', '2017-07-24 02:49:31', '2017-07-24 02:49:31'),
(1520, 'Kenyon Weissnat', 'dario.vonrueden@example.net', '2017-07-24 02:49:31', '2017-07-24 02:49:31'),
(1521, 'Prof. Frederick Maggio PhD', 'nitzsche.zola@example.com', '2017-07-24 02:49:31', '2017-07-24 02:49:31'),
(1522, 'Celestine Sawayn', 'vicky.huel@example.org', '2017-07-24 02:49:31', '2017-07-24 02:49:31'),
(1523, 'Shaina Marks', 'tobin.ebert@example.net', '2017-07-24 02:49:31', '2017-07-24 02:49:31'),
(1524, 'Samson Purdy', 'isabel.lesch@example.org', '2017-07-24 02:49:31', '2017-07-24 02:49:31'),
(1525, 'Genevieve Renner', 'imani.mayer@example.org', '2017-07-24 02:49:31', '2017-07-24 02:49:31'),
(1526, 'Luigi Baumbach', 'elvera06@example.org', '2017-07-24 02:49:31', '2017-07-24 02:49:31'),
(1527, 'Miss Helene Beatty II', 'garrett.kunze@example.org', '2017-07-24 02:49:31', '2017-07-24 02:49:31'),
(1528, 'Austyn Koss III', 'stone85@example.com', '2017-07-24 02:49:31', '2017-07-24 02:49:31'),
(1529, 'Elissa Stokes', 'welch.alberto@example.net', '2017-07-24 02:49:31', '2017-07-24 02:49:31'),
(1530, 'Stephen Watsica', 'marisol.mckenzie@example.com', '2017-07-24 02:49:31', '2017-07-24 02:49:31'),
(1531, 'Alberta Hermann', 'pstehr@example.net', '2017-07-24 02:49:31', '2017-07-24 02:49:31'),
(1532, 'Sid Schulist', 'katlynn.marvin@example.net', '2017-07-24 02:49:31', '2017-07-24 02:49:31');
INSERT INTO `serversides` (`id`, `name`, `email`, `created_at`, `updated_at`) VALUES
(1533, 'Edgar Mann', 'frances93@example.net', '2017-07-24 02:49:31', '2017-07-24 02:49:31'),
(1534, 'Charles Ortiz', 'goldner.fausto@example.net', '2017-07-24 02:49:31', '2017-07-24 02:49:31'),
(1535, 'Kayli Conroy', 'belle26@example.net', '2017-07-24 02:49:31', '2017-07-24 02:49:31'),
(1536, 'Niko Durgan', 'shane.wiza@example.com', '2017-07-24 02:49:31', '2017-07-24 02:49:31'),
(1537, 'Juwan Beahan', 'rowe.noble@example.org', '2017-07-24 02:49:31', '2017-07-24 02:49:31'),
(1538, 'Clementina Sawayn', 'cquitzon@example.org', '2017-07-24 02:49:31', '2017-07-24 02:49:31'),
(1539, 'Eugenia Dooley DVM', 'thompson.amelie@example.org', '2017-07-24 02:49:31', '2017-07-24 02:49:31'),
(1540, 'Johathan Gibson', 'kaden84@example.com', '2017-07-24 02:49:31', '2017-07-24 02:49:31'),
(1541, 'Mckenna Kilback', 'zachary37@example.net', '2017-07-24 02:49:31', '2017-07-24 02:49:31'),
(1542, 'Nayeli Tillman MD', 'lacey79@example.org', '2017-07-24 02:49:31', '2017-07-24 02:49:31'),
(1543, 'Omari Smitham', 'vaughn20@example.net', '2017-07-24 02:49:31', '2017-07-24 02:49:31'),
(1544, 'Miss Vena Jaskolski DDS', 'ohodkiewicz@example.net', '2017-07-24 02:49:31', '2017-07-24 02:49:31'),
(1545, 'Ernestina Walsh', 'jheller@example.org', '2017-07-24 02:49:31', '2017-07-24 02:49:31'),
(1546, 'Hadley Block MD', 'leffler.kylee@example.net', '2017-07-24 02:49:31', '2017-07-24 02:49:31'),
(1547, 'Arden Oberbrunner', 'christopher29@example.org', '2017-07-24 02:49:31', '2017-07-24 02:49:31'),
(1548, 'Yasmin Schaefer', 'bashirian.eliezer@example.net', '2017-07-24 02:49:31', '2017-07-24 02:49:31'),
(1549, 'Edyth Aufderhar DDS', 'christiana.cremin@example.org', '2017-07-24 02:49:31', '2017-07-24 02:49:31'),
(1550, 'Emil DuBuque', 'alvina30@example.org', '2017-07-24 02:49:31', '2017-07-24 02:49:31'),
(1551, 'Addison Howell', 'derdman@example.com', '2017-07-24 02:49:31', '2017-07-24 02:49:31'),
(1552, 'Prof. Shanie Hills', 'ygusikowski@example.org', '2017-07-24 02:49:31', '2017-07-24 02:49:31'),
(1553, 'Celestine Mann', 'mckenzie11@example.com', '2017-07-24 02:49:31', '2017-07-24 02:49:31'),
(1554, 'Briana Erdman', 'bterry@example.org', '2017-07-24 02:49:31', '2017-07-24 02:49:31'),
(1555, 'Ms. Adriana Fisher Jr.', 'predovic.hershel@example.com', '2017-07-24 02:49:31', '2017-07-24 02:49:31'),
(1556, 'Dr. Alene Waters Sr.', 'ejohnson@example.org', '2017-07-24 02:49:31', '2017-07-24 02:49:31'),
(1557, 'Connie Altenwerth', 'louvenia.pouros@example.net', '2017-07-24 02:49:31', '2017-07-24 02:49:31'),
(1558, 'Adan Reinger', 'luigi.hagenes@example.org', '2017-07-24 02:49:31', '2017-07-24 02:49:31'),
(1559, 'Trent Batz PhD', 'franecki.dawn@example.net', '2017-07-24 02:49:31', '2017-07-24 02:49:31'),
(1560, 'Sonny Schowalter Jr.', 'yolanda.lakin@example.com', '2017-07-24 02:49:31', '2017-07-24 02:49:31'),
(1561, 'Justen Kovacek', 'iconroy@example.org', '2017-07-24 02:49:31', '2017-07-24 02:49:31'),
(1562, 'Dr. Helen Moen', 'ryder64@example.com', '2017-07-24 02:49:31', '2017-07-24 02:49:31'),
(1563, 'Cydney Zieme', 'jane.bailey@example.org', '2017-07-24 02:49:31', '2017-07-24 02:49:31'),
(1564, 'Liliana Upton', 'wilton.dubuque@example.com', '2017-07-24 02:49:31', '2017-07-24 02:49:31'),
(1565, 'Moshe Romaguera', 'bednar.agustin@example.net', '2017-07-24 02:49:31', '2017-07-24 02:49:31'),
(1566, 'Hank Ward', 'casimer11@example.net', '2017-07-24 02:49:31', '2017-07-24 02:49:31'),
(1567, 'Bo Marks', 'hammes.felton@example.net', '2017-07-24 02:49:31', '2017-07-24 02:49:31'),
(1568, 'Skyla Rolfson', 'reynolds.rosanna@example.net', '2017-07-24 02:49:31', '2017-07-24 02:49:31'),
(1569, 'Rita Heller IV', 'fschmitt@example.net', '2017-07-24 02:49:31', '2017-07-24 02:49:31'),
(1570, 'Kellen Grady', 'terrance29@example.net', '2017-07-24 02:49:31', '2017-07-24 02:49:31'),
(1571, 'Prof. Sierra Mayert MD', 'upton.mafalda@example.org', '2017-07-24 02:49:31', '2017-07-24 02:49:31'),
(1572, 'Prof. Wallace Dickens MD', 'ualtenwerth@example.com', '2017-07-24 02:49:31', '2017-07-24 02:49:31'),
(1573, 'Mrs. Iva Gulgowski I', 'candice98@example.net', '2017-07-24 02:49:31', '2017-07-24 02:49:31'),
(1574, 'Thalia Gibson', 'rempel.hazel@example.net', '2017-07-24 02:49:31', '2017-07-24 02:49:31'),
(1575, 'Jarrell Lubowitz', 'rhuel@example.org', '2017-07-24 02:49:31', '2017-07-24 02:49:31'),
(1576, 'Hilbert King', 'stiedemann.kade@example.net', '2017-07-24 02:49:31', '2017-07-24 02:49:31'),
(1577, 'Joshua Reinger PhD', 'raegan67@example.org', '2017-07-24 02:49:31', '2017-07-24 02:49:31'),
(1578, 'Roosevelt Bogisich DDS', 'freinger@example.org', '2017-07-24 02:49:31', '2017-07-24 02:49:31'),
(1579, 'Vilma Will', 'winnifred19@example.org', '2017-07-24 02:49:31', '2017-07-24 02:49:31'),
(1580, 'Helga Fritsch', 'fanderson@example.net', '2017-07-24 02:49:31', '2017-07-24 02:49:31'),
(1581, 'Bertrand Crona IV', 'morar.alexandrine@example.net', '2017-07-24 02:49:31', '2017-07-24 02:49:31'),
(1582, 'Quinn Moore I', 'issac15@example.org', '2017-07-24 02:49:31', '2017-07-24 02:49:31'),
(1583, 'Ruth Abshire', 'hellen.ritchie@example.org', '2017-07-24 02:49:31', '2017-07-24 02:49:31'),
(1584, 'Mr. Erick Kulas', 'candice.pfeffer@example.com', '2017-07-24 02:49:31', '2017-07-24 02:49:31'),
(1585, 'Ida Kemmer', 'acarroll@example.com', '2017-07-24 02:49:31', '2017-07-24 02:49:31'),
(1586, 'Gail Crona', 'joseph.tromp@example.com', '2017-07-24 02:49:31', '2017-07-24 02:49:31'),
(1587, 'Veronica Roob', 'mckenzie.michale@example.com', '2017-07-24 02:49:31', '2017-07-24 02:49:31'),
(1588, 'Ms. Millie Crona PhD', 'bell24@example.net', '2017-07-24 02:49:31', '2017-07-24 02:49:31'),
(1589, 'Glenna Hammes', 'monserrat.blick@example.com', '2017-07-24 02:49:31', '2017-07-24 02:49:31'),
(1590, 'Claire O''Connell', 'xlubowitz@example.org', '2017-07-24 02:49:31', '2017-07-24 02:49:31'),
(1591, 'Prof. Ted Johnson DDS', 'natalia17@example.com', '2017-07-24 02:49:31', '2017-07-24 02:49:31'),
(1592, 'Zoe Muller', 'lucienne.kovacek@example.org', '2017-07-24 02:49:31', '2017-07-24 02:49:31'),
(1593, 'Tony Muller', 'uwatsica@example.com', '2017-07-24 02:49:31', '2017-07-24 02:49:31'),
(1594, 'Sydney Schuppe', 'udurgan@example.com', '2017-07-24 02:49:31', '2017-07-24 02:49:31'),
(1595, 'Alycia Stracke', 'beahan.fatima@example.net', '2017-07-24 02:49:31', '2017-07-24 02:49:31'),
(1596, 'Tremayne Nienow', 'schuppe.tia@example.com', '2017-07-24 02:49:31', '2017-07-24 02:49:31'),
(1597, 'Prof. Eva Boyer', 'schumm.glennie@example.net', '2017-07-24 02:49:31', '2017-07-24 02:49:31'),
(1598, 'Mr. Elwin Predovic', 'mmayert@example.net', '2017-07-24 02:49:31', '2017-07-24 02:49:31'),
(1599, 'Cassidy Hills', 'jaron.simonis@example.net', '2017-07-24 02:49:31', '2017-07-24 02:49:31'),
(1600, 'Ms. Syble Murray MD', 'madison.fisher@example.org', '2017-07-24 02:49:31', '2017-07-24 02:49:31'),
(1601, 'Miss Maeve Runolfsdottir I', 'imelda.lind@example.org', '2017-07-24 02:49:31', '2017-07-24 02:49:31'),
(1602, 'Roslyn Boyle', 'derek.balistreri@example.com', '2017-07-24 02:49:31', '2017-07-24 02:49:31'),
(1603, 'Mr. Grady Mosciski', 'esenger@example.net', '2017-07-24 02:49:31', '2017-07-24 02:49:31'),
(1604, 'Carol Klocko', 'jayda.shields@example.net', '2017-07-24 02:49:31', '2017-07-24 02:49:31'),
(1605, 'Miss Autumn Zulauf I', 'volkman.holden@example.org', '2017-07-24 02:49:31', '2017-07-24 02:49:31'),
(1606, 'Prof. Giles Jones', 'ford79@example.com', '2017-07-24 02:49:31', '2017-07-24 02:49:31'),
(1607, 'Dayne Hackett', 'ereynolds@example.com', '2017-07-24 02:49:31', '2017-07-24 02:49:31'),
(1608, 'Dr. Noemi Vandervort', 'cyril.hegmann@example.org', '2017-07-24 02:49:31', '2017-07-24 02:49:31'),
(1609, 'Lorenz Smith', 'lenny91@example.com', '2017-07-24 02:49:31', '2017-07-24 02:49:31'),
(1610, 'Kaleigh Kris DDS', 'reggie23@example.com', '2017-07-24 02:49:31', '2017-07-24 02:49:31'),
(1611, 'Rex Boyle', 'nswift@example.com', '2017-07-24 02:49:31', '2017-07-24 02:49:31'),
(1612, 'Roxanne Lebsack', 'fritsch.callie@example.com', '2017-07-24 02:49:31', '2017-07-24 02:49:31'),
(1613, 'Chyna Lind', 'walton60@example.com', '2017-07-24 02:49:31', '2017-07-24 02:49:31'),
(1614, 'Vada Adams', 'zack15@example.com', '2017-07-24 02:49:31', '2017-07-24 02:49:31'),
(1615, 'Jon Fritsch DVM', 'mariana03@example.net', '2017-07-24 02:49:31', '2017-07-24 02:49:31'),
(1616, 'Delia Bartell', 'smith.madison@example.net', '2017-07-24 02:49:31', '2017-07-24 02:49:31'),
(1617, 'Damaris Rodriguez', 'maximo.rogahn@example.org', '2017-07-24 02:49:31', '2017-07-24 02:49:31'),
(1618, 'Garrett Kunde Jr.', 'chet.keebler@example.com', '2017-07-24 02:49:31', '2017-07-24 02:49:31'),
(1619, 'Cayla Johnson', 'fay.fritsch@example.net', '2017-07-24 02:49:31', '2017-07-24 02:49:31'),
(1620, 'Kendrick Brekke DDS', 'smosciski@example.org', '2017-07-24 02:49:31', '2017-07-24 02:49:31'),
(1621, 'Orlo Waters Jr.', 'pfeffer.herminia@example.net', '2017-07-24 02:49:31', '2017-07-24 02:49:31'),
(1622, 'Jacklyn Russel', 'otoy@example.org', '2017-07-24 02:49:31', '2017-07-24 02:49:31'),
(1623, 'Nadia Weimann', 'kuhlman.junior@example.org', '2017-07-24 02:49:31', '2017-07-24 02:49:31'),
(1624, 'Dr. Alene Hills PhD', 'rodrigo.vonrueden@example.com', '2017-07-24 02:49:31', '2017-07-24 02:49:31'),
(1625, 'Prof. Adriel Ernser V', 'pfeffer.maggie@example.net', '2017-07-24 02:49:31', '2017-07-24 02:49:31'),
(1626, 'Michel Bartoletti', 'fadel.darren@example.net', '2017-07-24 02:49:31', '2017-07-24 02:49:31'),
(1627, 'Braden Mante DDS', 'mertie.towne@example.org', '2017-07-24 02:49:31', '2017-07-24 02:49:31'),
(1628, 'Michel Luettgen', 'kay96@example.org', '2017-07-24 02:49:31', '2017-07-24 02:49:31'),
(1629, 'Mr. Fred Weber', 'klocko.bryana@example.net', '2017-07-24 02:49:31', '2017-07-24 02:49:31'),
(1630, 'Zoey Cronin DVM', 'lloyd25@example.org', '2017-07-24 02:49:31', '2017-07-24 02:49:31'),
(1631, 'Mr. Daryl Parisian', 'jaden86@example.net', '2017-07-24 02:49:31', '2017-07-24 02:49:31'),
(1632, 'Katharina Lebsack', 'annalise97@example.org', '2017-07-24 02:49:31', '2017-07-24 02:49:31'),
(1633, 'Mr. Jared Buckridge', 'marianne66@example.org', '2017-07-24 02:49:31', '2017-07-24 02:49:31'),
(1634, 'Alexandrine Feest', 'korbin.gleichner@example.net', '2017-07-24 02:49:31', '2017-07-24 02:49:31'),
(1635, 'Granville Steuber', 'emerson.barton@example.net', '2017-07-24 02:49:31', '2017-07-24 02:49:31'),
(1636, 'Joannie Terry PhD', 'axel86@example.org', '2017-07-24 02:49:31', '2017-07-24 02:49:31'),
(1637, 'Justus O''Keefe', 'mcdermott.kevin@example.org', '2017-07-24 02:49:31', '2017-07-24 02:49:31'),
(1638, 'Darrell Brekke', 'darrell.rogahn@example.com', '2017-07-24 02:49:31', '2017-07-24 02:49:31'),
(1639, 'Ms. Ramona Predovic', 'alexys85@example.net', '2017-07-24 02:49:31', '2017-07-24 02:49:31'),
(1640, 'Rozella Reichert', 'oreilly.selmer@example.com', '2017-07-24 02:49:31', '2017-07-24 02:49:31'),
(1641, 'Dr. Kelsi Zieme', 'wilderman.trinity@example.com', '2017-07-24 02:49:31', '2017-07-24 02:49:31'),
(1642, 'Jermaine Gibson', 'lamar.bashirian@example.net', '2017-07-24 02:49:31', '2017-07-24 02:49:31'),
(1643, 'Camden Jacobs', 'dkshlerin@example.com', '2017-07-24 02:49:31', '2017-07-24 02:49:31'),
(1644, 'Joel Effertz', 'hlubowitz@example.net', '2017-07-24 02:49:31', '2017-07-24 02:49:31'),
(1645, 'Isabelle Murray', 'grady.laila@example.com', '2017-07-24 02:49:31', '2017-07-24 02:49:31'),
(1646, 'Emma Medhurst', 'yundt.trystan@example.net', '2017-07-24 02:49:31', '2017-07-24 02:49:31'),
(1647, 'Ms. Billie Paucek', 'grace56@example.org', '2017-07-24 02:49:31', '2017-07-24 02:49:31'),
(1648, 'Ms. Dortha Rolfson', 'kyle02@example.com', '2017-07-24 02:49:31', '2017-07-24 02:49:31'),
(1649, 'Logan Pfeffer', 'douglas.aleen@example.org', '2017-07-24 02:49:31', '2017-07-24 02:49:31'),
(1650, 'Mr. Guillermo Wisoky', 'hane.norma@example.com', '2017-07-24 02:49:31', '2017-07-24 02:49:31'),
(1651, 'Julie Botsford', 'little.eudora@example.org', '2017-07-24 02:49:31', '2017-07-24 02:49:31'),
(1652, 'Dr. Ashton Ondricka V', 'ustoltenberg@example.net', '2017-07-24 02:49:31', '2017-07-24 02:49:31'),
(1653, 'Corbin Nikolaus II', 'marvin.easton@example.net', '2017-07-24 02:49:31', '2017-07-24 02:49:31'),
(1654, 'Barbara Treutel', 'aheidenreich@example.org', '2017-07-24 02:49:31', '2017-07-24 02:49:31'),
(1655, 'Myrtis Lockman', 'ctowne@example.org', '2017-07-24 02:49:31', '2017-07-24 02:49:31'),
(1656, 'Abbigail Mosciski', 'mabelle.larson@example.org', '2017-07-24 02:49:31', '2017-07-24 02:49:31'),
(1657, 'Uriah Christiansen', 'wconnelly@example.com', '2017-07-24 02:49:31', '2017-07-24 02:49:31'),
(1658, 'Prof. Lamar Walter DDS', 'jones.laurie@example.com', '2017-07-24 02:49:31', '2017-07-24 02:49:31'),
(1659, 'Salma Hirthe', 'esta17@example.org', '2017-07-24 02:49:31', '2017-07-24 02:49:31'),
(1660, 'Anastacio Corkery', 'hailee.murazik@example.com', '2017-07-24 02:49:31', '2017-07-24 02:49:31'),
(1661, 'Dr. Demario Jerde', 'sporer.kasey@example.net', '2017-07-24 02:49:32', '2017-07-24 02:49:32'),
(1662, 'Prof. Emerald Pacocha', 'heathcote.vernie@example.org', '2017-07-24 02:49:32', '2017-07-24 02:49:32'),
(1663, 'Marquis Christiansen', 'igislason@example.com', '2017-07-24 02:49:32', '2017-07-24 02:49:32'),
(1664, 'Evert Gerlach', 'cschamberger@example.net', '2017-07-24 02:49:32', '2017-07-24 02:49:32'),
(1665, 'Prof. Neha Miller PhD', 'ladarius.predovic@example.net', '2017-07-24 02:49:32', '2017-07-24 02:49:32'),
(1666, 'Camryn Conn', 'matilde.adams@example.net', '2017-07-24 02:49:32', '2017-07-24 02:49:32'),
(1667, 'Trevor Quitzon', 'noe36@example.org', '2017-07-24 02:49:32', '2017-07-24 02:49:32'),
(1668, 'Mr. Samir O''Keefe', 'fritsch.danny@example.org', '2017-07-24 02:49:32', '2017-07-24 02:49:32'),
(1669, 'Jakayla Harber', 'harber.dasia@example.com', '2017-07-24 02:49:32', '2017-07-24 02:49:32'),
(1670, 'Ms. Alayna Fritsch', 'hahn.janet@example.com', '2017-07-24 02:49:32', '2017-07-24 02:49:32'),
(1671, 'Dr. Roman McGlynn', 'gheller@example.com', '2017-07-24 02:49:32', '2017-07-24 02:49:32'),
(1672, 'Prof. Barry Crona PhD', 'celine74@example.org', '2017-07-24 02:49:32', '2017-07-24 02:49:32'),
(1673, 'Frida Schultz Sr.', 'vnicolas@example.org', '2017-07-24 02:49:32', '2017-07-24 02:49:32'),
(1674, 'Leora Zemlak', 'ukilback@example.com', '2017-07-24 02:49:32', '2017-07-24 02:49:32'),
(1675, 'Halie Ondricka', 'clement71@example.com', '2017-07-24 02:49:32', '2017-07-24 02:49:32'),
(1676, 'Kaylee Champlin', 'colton.skiles@example.org', '2017-07-24 02:49:32', '2017-07-24 02:49:32'),
(1677, 'Dr. Jacey Schulist PhD', 'npaucek@example.com', '2017-07-24 02:49:32', '2017-07-24 02:49:32'),
(1678, 'Dr. Ricardo Hansen', 'rosalyn50@example.org', '2017-07-24 02:49:32', '2017-07-24 02:49:32'),
(1679, 'Cicero Yost', 'katelynn.wiza@example.org', '2017-07-24 02:49:32', '2017-07-24 02:49:32'),
(1680, 'Dr. Wellington Larson', 'dorian.strosin@example.org', '2017-07-24 02:49:32', '2017-07-24 02:49:32'),
(1681, 'Jewell Daniel', 'vhilpert@example.com', '2017-07-24 02:49:32', '2017-07-24 02:49:32'),
(1682, 'Sylvan Brekke', 'kaylah02@example.com', '2017-07-24 02:49:32', '2017-07-24 02:49:32'),
(1683, 'Oswald Heidenreich', 'klittel@example.com', '2017-07-24 02:49:32', '2017-07-24 02:49:32'),
(1684, 'Mr. Johan McKenzie', 'greenfelder.lydia@example.org', '2017-07-24 02:49:32', '2017-07-24 02:49:32'),
(1685, 'Ms. Anna Collier II', 'annetta27@example.org', '2017-07-24 02:49:32', '2017-07-24 02:49:32'),
(1686, 'Gracie Schroeder', 'smith.bridie@example.net', '2017-07-24 02:49:32', '2017-07-24 02:49:32'),
(1687, 'Mrs. Pat Lebsack', 'baumbach.jeramie@example.com', '2017-07-24 02:49:32', '2017-07-24 02:49:32'),
(1688, 'Liliane Harvey', 'isanford@example.org', '2017-07-24 02:49:32', '2017-07-24 02:49:32'),
(1689, 'Guiseppe Keebler', 'edgar.hartmann@example.com', '2017-07-24 02:49:32', '2017-07-24 02:49:32'),
(1690, 'Iva Friesen', 'elinor.cormier@example.com', '2017-07-24 02:49:32', '2017-07-24 02:49:32'),
(1691, 'Citlalli Barton', 'alexandrea.larson@example.org', '2017-07-24 02:49:32', '2017-07-24 02:49:32'),
(1692, 'Maybelle Lueilwitz', 'gerlach.velma@example.com', '2017-07-24 02:49:32', '2017-07-24 02:49:32'),
(1693, 'Selina Langosh', 'bernhard73@example.com', '2017-07-24 02:49:32', '2017-07-24 02:49:32'),
(1694, 'Grady Lindgren', 'blaise85@example.net', '2017-07-24 02:49:32', '2017-07-24 02:49:32'),
(1695, 'Xavier Marks', 'larson.madelyn@example.org', '2017-07-24 02:49:32', '2017-07-24 02:49:32'),
(1696, 'Prof. Angelita Pagac', 'iweimann@example.com', '2017-07-24 02:49:32', '2017-07-24 02:49:32'),
(1697, 'Prof. Izaiah Prosacco MD', 'flatley.fern@example.org', '2017-07-24 02:49:32', '2017-07-24 02:49:32'),
(1698, 'Jaleel Bernier MD', 'fblanda@example.com', '2017-07-24 02:49:32', '2017-07-24 02:49:32'),
(1699, 'Dante Littel MD', 'martine.armstrong@example.net', '2017-07-24 02:49:32', '2017-07-24 02:49:32'),
(1700, 'Myrtis Corkery IV', 'breanna.hickle@example.net', '2017-07-24 02:49:32', '2017-07-24 02:49:32'),
(1701, 'Matteo Hoeger', 'phaag@example.net', '2017-07-24 02:49:32', '2017-07-24 02:49:32'),
(1702, 'Prof. Henderson Farrell', 'manuel06@example.org', '2017-07-24 02:49:32', '2017-07-24 02:49:32'),
(1703, 'Karolann Pacocha', 'uschumm@example.net', '2017-07-24 02:49:32', '2017-07-24 02:49:32'),
(1704, 'Ubaldo Schuppe', 'domenica49@example.com', '2017-07-24 02:49:32', '2017-07-24 02:49:32'),
(1705, 'Warren Predovic', 'ggrant@example.org', '2017-07-24 02:49:32', '2017-07-24 02:49:32'),
(1706, 'Hudson Cruickshank', 'merle05@example.org', '2017-07-24 02:49:32', '2017-07-24 02:49:32'),
(1707, 'Prof. Godfrey Jacobi V', 'jannie51@example.org', '2017-07-24 02:49:32', '2017-07-24 02:49:32'),
(1708, 'Francisco Rodriguez', 'harber.merritt@example.org', '2017-07-24 02:49:32', '2017-07-24 02:49:32'),
(1709, 'Antwon Dietrich', 'elinor.stamm@example.org', '2017-07-24 02:49:32', '2017-07-24 02:49:32'),
(1710, 'Leatha Kassulke V', 'schowalter.erling@example.org', '2017-07-24 02:49:32', '2017-07-24 02:49:32'),
(1711, 'Shania Runte', 'ihackett@example.net', '2017-07-24 02:49:32', '2017-07-24 02:49:32'),
(1712, 'Garfield Ruecker', 'adolphus.carter@example.net', '2017-07-24 02:49:32', '2017-07-24 02:49:32'),
(1713, 'Stanton Pouros', 'bmante@example.org', '2017-07-24 02:49:32', '2017-07-24 02:49:32'),
(1714, 'Elvie Gerlach', 'skihn@example.com', '2017-07-24 02:49:32', '2017-07-24 02:49:32'),
(1715, 'Flavio Senger', 'jayde.conroy@example.net', '2017-07-24 02:49:32', '2017-07-24 02:49:32'),
(1716, 'Bethany Kassulke', 'kovacek.bella@example.org', '2017-07-24 02:49:32', '2017-07-24 02:49:32'),
(1717, 'Lowell Wehner', 'catalina41@example.com', '2017-07-24 02:49:32', '2017-07-24 02:49:32'),
(1718, 'Rylee Rogahn', 'noah01@example.net', '2017-07-24 02:49:32', '2017-07-24 02:49:32'),
(1719, 'Brianne Becker', 'olaf00@example.org', '2017-07-24 02:49:32', '2017-07-24 02:49:32'),
(1720, 'Delphia Kuvalis IV', 'cpurdy@example.net', '2017-07-24 02:49:32', '2017-07-24 02:49:32'),
(1721, 'Dr. Camilla Welch', 'zsawayn@example.com', '2017-07-24 02:49:32', '2017-07-24 02:49:32'),
(1722, 'Chelsey Hodkiewicz', 'roconnell@example.org', '2017-07-24 02:49:32', '2017-07-24 02:49:32'),
(1723, 'Prof. Wade Emmerich', 'ssmith@example.com', '2017-07-24 02:49:32', '2017-07-24 02:49:32'),
(1724, 'Ewell Rogahn DDS', 'dpouros@example.net', '2017-07-24 02:49:32', '2017-07-24 02:49:32'),
(1725, 'Emely Treutel', 'dooley.tanner@example.org', '2017-07-24 02:49:32', '2017-07-24 02:49:32'),
(1726, 'Mr. Jayme Hamill', 'kbecker@example.net', '2017-07-24 02:49:32', '2017-07-24 02:49:32'),
(1727, 'Miss Lessie Romaguera I', 'anderson.myra@example.org', '2017-07-24 02:49:32', '2017-07-24 02:49:32'),
(1728, 'Ulices Turcotte', 'waelchi.fidel@example.org', '2017-07-24 02:49:32', '2017-07-24 02:49:32'),
(1729, 'Colten Little', 'bwaters@example.com', '2017-07-24 02:49:32', '2017-07-24 02:49:32'),
(1730, 'Joel Collier', 'ohara.dawson@example.com', '2017-07-24 02:49:32', '2017-07-24 02:49:32'),
(1731, 'Paula Senger V', 'citlalli87@example.net', '2017-07-24 02:49:32', '2017-07-24 02:49:32'),
(1732, 'Icie Cassin', 'reva.runolfsson@example.net', '2017-07-24 02:49:32', '2017-07-24 02:49:32'),
(1733, 'Kim Pfannerstill', 'iwhite@example.org', '2017-07-24 02:49:32', '2017-07-24 02:49:32'),
(1734, 'Miss Lyda Veum III', 'bauch.green@example.org', '2017-07-24 02:49:32', '2017-07-24 02:49:32'),
(1735, 'Prof. Michaela D''Amore PhD', 'marcelo87@example.org', '2017-07-24 02:49:32', '2017-07-24 02:49:32'),
(1736, 'Zack Cummerata', 'sigurd.johnson@example.com', '2017-07-24 02:49:32', '2017-07-24 02:49:32'),
(1737, 'Esta Adams', 'reed.walker@example.org', '2017-07-24 02:49:32', '2017-07-24 02:49:32'),
(1738, 'Ludwig Mayert IV', 'julia23@example.net', '2017-07-24 02:49:32', '2017-07-24 02:49:32'),
(1739, 'Prof. Brisa Smitham Jr.', 'dangelo.feeney@example.com', '2017-07-24 02:49:32', '2017-07-24 02:49:32'),
(1740, 'Micaela Upton', 'dario.wilkinson@example.com', '2017-07-24 02:49:32', '2017-07-24 02:49:32'),
(1741, 'Enos Abernathy I', 'tyreek.kunde@example.com', '2017-07-24 02:49:32', '2017-07-24 02:49:32'),
(1742, 'Prof. Luisa Moore', 'nicola92@example.com', '2017-07-24 02:49:32', '2017-07-24 02:49:32'),
(1743, 'Karolann Harris PhD', 'daniella.jones@example.org', '2017-07-24 02:49:32', '2017-07-24 02:49:32'),
(1744, 'Ms. Modesta Kilback IV', 'barney44@example.net', '2017-07-24 02:49:32', '2017-07-24 02:49:32'),
(1745, 'Mrs. Jessika Wilderman III', 'simonis.aurelio@example.org', '2017-07-24 02:49:32', '2017-07-24 02:49:32'),
(1746, 'Benton Hickle', 'louisa38@example.net', '2017-07-24 02:49:32', '2017-07-24 02:49:32'),
(1747, 'Charley McGlynn', 'eldred58@example.org', '2017-07-24 02:49:32', '2017-07-24 02:49:32'),
(1748, 'Annamarie Thompson', 'vpredovic@example.net', '2017-07-24 02:49:32', '2017-07-24 02:49:32'),
(1749, 'Nash Wilderman', 'rachelle71@example.net', '2017-07-24 02:49:32', '2017-07-24 02:49:32'),
(1750, 'Ebba Baumbach', 'johnson.benny@example.org', '2017-07-24 02:49:32', '2017-07-24 02:49:32'),
(1751, 'Corene Torphy', 'kozey.otis@example.net', '2017-07-24 02:49:32', '2017-07-24 02:49:32'),
(1752, 'Dr. Kelly Lockman', 'spinka.maiya@example.org', '2017-07-24 02:49:32', '2017-07-24 02:49:32'),
(1753, 'Alayna Hermann DDS', 'pwolf@example.com', '2017-07-24 02:49:32', '2017-07-24 02:49:32'),
(1754, 'Lelah Streich', 'oraynor@example.org', '2017-07-24 02:49:32', '2017-07-24 02:49:32'),
(1755, 'Nelson Connelly', 'dino02@example.com', '2017-07-24 02:49:32', '2017-07-24 02:49:32'),
(1756, 'Miss Micaela Lemke', 'rodrigo.osinski@example.com', '2017-07-24 02:49:32', '2017-07-24 02:49:32'),
(1757, 'Euna Jacobs', 'idavis@example.org', '2017-07-24 02:49:32', '2017-07-24 02:49:32'),
(1758, 'Erich Schumm', 'raymundo73@example.org', '2017-07-24 02:49:32', '2017-07-24 02:49:32'),
(1759, 'Xavier Hegmann', 'baumbach.cale@example.net', '2017-07-24 02:49:32', '2017-07-24 02:49:32'),
(1760, 'Sanford McGlynn Sr.', 'tfeest@example.com', '2017-07-24 02:49:32', '2017-07-24 02:49:32'),
(1761, 'Myron Rau', 'rreichel@example.com', '2017-07-24 02:49:32', '2017-07-24 02:49:32'),
(1762, 'Rae Russel', 'tyrel.harris@example.org', '2017-07-24 02:49:32', '2017-07-24 02:49:32'),
(1763, 'Prof. Justus Brakus III', 'gmayer@example.net', '2017-07-24 02:49:32', '2017-07-24 02:49:32'),
(1764, 'Mrs. Della Willms', 'alysa.mckenzie@example.net', '2017-07-24 02:49:32', '2017-07-24 02:49:32'),
(1765, 'Prof. Janice Raynor', 'heidi01@example.com', '2017-07-24 02:49:32', '2017-07-24 02:49:32'),
(1766, 'Cali Zieme', 'sonya50@example.net', '2017-07-24 02:49:32', '2017-07-24 02:49:32'),
(1767, 'Eliseo Lehner', 'langosh.michelle@example.com', '2017-07-24 02:49:32', '2017-07-24 02:49:32'),
(1768, 'Fern Dooley', 'samanta.tremblay@example.org', '2017-07-24 02:49:32', '2017-07-24 02:49:32'),
(1769, 'Hannah Spencer', 'treutel.margret@example.org', '2017-07-24 02:49:32', '2017-07-24 02:49:32'),
(1770, 'Darron Hegmann', 'auer.leland@example.com', '2017-07-24 02:49:32', '2017-07-24 02:49:32'),
(1771, 'Sasha Rempel', 'durgan.ila@example.org', '2017-07-24 02:49:32', '2017-07-24 02:49:32'),
(1772, 'Myrtice Keeling', 'maximo77@example.org', '2017-07-24 02:49:32', '2017-07-24 02:49:32'),
(1773, 'Mrs. Lorine Bogisich II', 'doyle.logan@example.net', '2017-07-24 02:49:32', '2017-07-24 02:49:32'),
(1774, 'Garth Adams', 'wiza.estelle@example.net', '2017-07-24 02:49:32', '2017-07-24 02:49:32'),
(1775, 'Haven Wyman Jr.', 'ondricka.felicity@example.com', '2017-07-24 02:49:32', '2017-07-24 02:49:32'),
(1776, 'Prof. Jabari Hayes', 'bernhard.jettie@example.org', '2017-07-24 02:49:32', '2017-07-24 02:49:32'),
(1777, 'Prince Swaniawski', 'serenity.stroman@example.com', '2017-07-24 02:49:32', '2017-07-24 02:49:32'),
(1778, 'Clementina Quigley I', 'abraham.lindgren@example.net', '2017-07-24 02:49:32', '2017-07-24 02:49:32'),
(1779, 'Miss Hope Bruen Jr.', 'altenwerth.erik@example.org', '2017-07-24 02:49:32', '2017-07-24 02:49:32'),
(1780, 'Eloise Keeling', 'xgreen@example.net', '2017-07-24 02:49:32', '2017-07-24 02:49:32'),
(1781, 'Jamie Goldner', 'odibbert@example.org', '2017-07-24 02:49:32', '2017-07-24 02:49:32'),
(1782, 'Ms. Amie Rutherford III', 'jordane.cartwright@example.org', '2017-07-24 02:49:32', '2017-07-24 02:49:32'),
(1783, 'Holden Turcotte', 'wehner.clemens@example.net', '2017-07-24 02:49:32', '2017-07-24 02:49:32'),
(1784, 'Nichole Graham', 'boehm.floyd@example.com', '2017-07-24 02:49:32', '2017-07-24 02:49:32'),
(1785, 'Scot Armstrong', 'lempi06@example.com', '2017-07-24 02:49:32', '2017-07-24 02:49:32'),
(1786, 'Wilfred Corwin', 'damian66@example.net', '2017-07-24 02:49:32', '2017-07-24 02:49:32'),
(1787, 'Hipolito Boyle', 'ruben.spinka@example.org', '2017-07-24 02:49:32', '2017-07-24 02:49:32'),
(1788, 'Miss Lavonne Doyle MD', 'hdickinson@example.net', '2017-07-24 02:49:32', '2017-07-24 02:49:32'),
(1789, 'Mrs. Hailee Schulist Sr.', 'pouros.rahsaan@example.net', '2017-07-24 02:49:32', '2017-07-24 02:49:32'),
(1790, 'Aglae Spencer', 'torey.bauch@example.net', '2017-07-24 02:49:32', '2017-07-24 02:49:32'),
(1791, 'Prof. Pauline Turcotte Sr.', 'nkutch@example.net', '2017-07-24 02:49:32', '2017-07-24 02:49:32'),
(1792, 'Sebastian Jones', 'german.reynolds@example.org', '2017-07-24 02:49:32', '2017-07-24 02:49:32'),
(1793, 'Caesar Weissnat', 'santos.mante@example.com', '2017-07-24 02:49:32', '2017-07-24 02:49:32'),
(1794, 'Tatum Braun', 'drempel@example.org', '2017-07-24 02:49:32', '2017-07-24 02:49:32'),
(1795, 'Lavada Hodkiewicz', 'mariah78@example.com', '2017-07-24 02:49:32', '2017-07-24 02:49:32'),
(1796, 'Aliza Cartwright Sr.', 'jayce79@example.com', '2017-07-24 02:49:32', '2017-07-24 02:49:32'),
(1797, 'Nadia O''Connell', 'nitzsche.arvid@example.net', '2017-07-24 02:49:32', '2017-07-24 02:49:32'),
(1798, 'Mrs. Ursula Wilkinson IV', 'evalyn60@example.net', '2017-07-24 02:49:32', '2017-07-24 02:49:32'),
(1799, 'Miss Sarah Fritsch Sr.', 'wnitzsche@example.com', '2017-07-24 02:49:32', '2017-07-24 02:49:32'),
(1800, 'Amie Towne', 'antwon.graham@example.org', '2017-07-24 02:49:32', '2017-07-24 02:49:32'),
(1801, 'Ms. Retta Walsh DVM', 'kyla.emmerich@example.org', '2017-07-24 02:49:32', '2017-07-24 02:49:32'),
(1802, 'Xavier Shanahan', 'heaney.althea@example.net', '2017-07-24 02:49:32', '2017-07-24 02:49:32'),
(1803, 'Benjamin Roberts', 'hschiller@example.org', '2017-07-24 02:49:32', '2017-07-24 02:49:32'),
(1804, 'Caroline O''Reilly', 'miller.shanel@example.com', '2017-07-24 02:49:32', '2017-07-24 02:49:32'),
(1805, 'Esperanza Hudson', 'jlemke@example.com', '2017-07-24 02:49:32', '2017-07-24 02:49:32'),
(1806, 'Rosemarie Schumm', 'iharber@example.net', '2017-07-24 02:49:32', '2017-07-24 02:49:32'),
(1807, 'Mr. Raheem Dickens Sr.', 'cjohnson@example.net', '2017-07-24 02:49:32', '2017-07-24 02:49:32'),
(1808, 'Filomena Bednar IV', 'carmine.mertz@example.com', '2017-07-24 02:49:32', '2017-07-24 02:49:32'),
(1809, 'Elinore Hahn', 'fiona.franecki@example.net', '2017-07-24 02:49:32', '2017-07-24 02:49:32'),
(1810, 'London Pagac', 'ekessler@example.com', '2017-07-24 02:49:32', '2017-07-24 02:49:32'),
(1811, 'Dr. Gaetano Flatley', 'khackett@example.net', '2017-07-24 02:49:32', '2017-07-24 02:49:32'),
(1812, 'Hank Rohan MD', 'qhartmann@example.net', '2017-07-24 02:49:32', '2017-07-24 02:49:32'),
(1813, 'Rasheed Vandervort', 'clarissa30@example.org', '2017-07-24 02:49:32', '2017-07-24 02:49:32'),
(1814, 'Daisy Gaylord', 'rhowe@example.net', '2017-07-24 02:49:32', '2017-07-24 02:49:32'),
(1815, 'Makayla Streich', 'seamus75@example.net', '2017-07-24 02:49:32', '2017-07-24 02:49:32'),
(1816, 'Teagan Gleichner', 'vincenzo.runolfsdottir@example.net', '2017-07-24 02:49:32', '2017-07-24 02:49:32'),
(1817, 'Ezra Morar', 'iheaney@example.org', '2017-07-24 02:49:32', '2017-07-24 02:49:32'),
(1818, 'Marjory Daugherty', 'bashirian.nolan@example.net', '2017-07-24 02:49:32', '2017-07-24 02:49:32'),
(1819, 'Susie Pouros', 'watsica.theresia@example.net', '2017-07-24 02:49:32', '2017-07-24 02:49:32'),
(1820, 'Minnie O''Connell', 'shyann09@example.org', '2017-07-24 02:49:32', '2017-07-24 02:49:32'),
(1821, 'Kayden Strosin', 'aokeefe@example.org', '2017-07-24 02:49:32', '2017-07-24 02:49:32'),
(1822, 'Ms. Breanne Spinka DDS', 'caitlyn.rowe@example.net', '2017-07-24 02:49:32', '2017-07-24 02:49:32'),
(1823, 'Korbin Murray', 'champlin.adrain@example.org', '2017-07-24 02:49:32', '2017-07-24 02:49:32'),
(1824, 'Garrison Block', 'stanton.elenora@example.com', '2017-07-24 02:49:32', '2017-07-24 02:49:32'),
(1825, 'Chauncey Zulauf', 'ggreenholt@example.net', '2017-07-24 02:49:32', '2017-07-24 02:49:32'),
(1826, 'Santina Pacocha Sr.', 'bradtke.kariane@example.org', '2017-07-24 02:49:32', '2017-07-24 02:49:32'),
(1827, 'Osvaldo Rice', 'hupton@example.org', '2017-07-24 02:49:32', '2017-07-24 02:49:32'),
(1828, 'Ellis Ernser', 'solon.gerhold@example.net', '2017-07-24 02:49:32', '2017-07-24 02:49:32'),
(1829, 'Tracey Wisozk', 'eldora17@example.com', '2017-07-24 02:49:32', '2017-07-24 02:49:32'),
(1830, 'Retta Sipes', 'sammy.leffler@example.net', '2017-07-24 02:49:32', '2017-07-24 02:49:32'),
(1831, 'Prince King', 'ramona56@example.com', '2017-07-24 02:49:32', '2017-07-24 02:49:32'),
(1832, 'Hosea McKenzie', 'hprohaska@example.net', '2017-07-24 02:49:32', '2017-07-24 02:49:32'),
(1833, 'Dorothy Watsica', 'cconroy@example.net', '2017-07-24 02:49:32', '2017-07-24 02:49:32'),
(1834, 'Yasmine McGlynn', 'maureen13@example.net', '2017-07-24 02:49:32', '2017-07-24 02:49:32'),
(1835, 'Adeline Brekke', 'shields.ryley@example.com', '2017-07-24 02:49:32', '2017-07-24 02:49:32'),
(1836, 'Angel Bernier', 'cassin.nadia@example.com', '2017-07-24 02:49:32', '2017-07-24 02:49:32'),
(1837, 'Mikayla Rosenbaum', 'crawford16@example.org', '2017-07-24 02:49:32', '2017-07-24 02:49:32'),
(1838, 'Ernestine Bogisich', 'pollich.madelyn@example.org', '2017-07-24 02:49:32', '2017-07-24 02:49:32'),
(1839, 'Antonio Haley', 'pwolff@example.org', '2017-07-24 02:49:32', '2017-07-24 02:49:32'),
(1840, 'Mrs. Cierra Boehm', 'rosanna61@example.com', '2017-07-24 02:49:32', '2017-07-24 02:49:32'),
(1841, 'Reina Welch', 'dach.paige@example.org', '2017-07-24 02:49:32', '2017-07-24 02:49:32'),
(1842, 'Juanita Jacobs V', 'wrunolfsdottir@example.com', '2017-07-24 02:49:32', '2017-07-24 02:49:32'),
(1843, 'Asa Runte', 'schaefer.kathleen@example.net', '2017-07-24 02:49:32', '2017-07-24 02:49:32'),
(1844, 'Ashtyn Hahn', 'brisa83@example.org', '2017-07-24 02:49:32', '2017-07-24 02:49:32'),
(1845, 'Imogene Bayer', 'mdooley@example.com', '2017-07-24 02:49:32', '2017-07-24 02:49:32'),
(1846, 'Miss Maybelle Buckridge Sr.', 'von.verna@example.org', '2017-07-24 02:49:32', '2017-07-24 02:49:32'),
(1847, 'Viviane Walker', 'bergnaum.reinhold@example.net', '2017-07-24 02:49:32', '2017-07-24 02:49:32'),
(1848, 'Marshall Simonis', 'iadams@example.com', '2017-07-24 02:49:32', '2017-07-24 02:49:32'),
(1849, 'Reta Boyle', 'rodrigo48@example.org', '2017-07-24 02:49:32', '2017-07-24 02:49:32'),
(1850, 'Godfrey Rosenbaum', 'ethelyn04@example.com', '2017-07-24 02:49:32', '2017-07-24 02:49:32'),
(1851, 'Dr. Dallin Feest', 'dooley.delta@example.org', '2017-07-24 02:49:32', '2017-07-24 02:49:32'),
(1852, 'Loma Macejkovic', 'kali.west@example.com', '2017-07-24 02:49:32', '2017-07-24 02:49:32'),
(1853, 'William Fadel III', 'reese68@example.net', '2017-07-24 02:49:32', '2017-07-24 02:49:32'),
(1854, 'Erich Stark', 'fritsch.douglas@example.net', '2017-07-24 02:49:32', '2017-07-24 02:49:32'),
(1855, 'Alyce Douglas', 'chowe@example.com', '2017-07-24 02:49:32', '2017-07-24 02:49:32'),
(1856, 'Raquel Mohr', 'cathy60@example.com', '2017-07-24 02:49:32', '2017-07-24 02:49:32'),
(1857, 'Jaclyn Mante I', 'kertzmann.lexus@example.com', '2017-07-24 02:49:32', '2017-07-24 02:49:32'),
(1858, 'Eddie Moore I', 'wehner.trey@example.com', '2017-07-24 02:49:32', '2017-07-24 02:49:32'),
(1859, 'Melisa Orn', 'fahey.unique@example.org', '2017-07-24 02:49:32', '2017-07-24 02:49:32'),
(1860, 'Lorena Hickle', 'gus61@example.org', '2017-07-24 02:49:32', '2017-07-24 02:49:32'),
(1861, 'Raphael Willms', 'aromaguera@example.net', '2017-07-24 02:49:32', '2017-07-24 02:49:32'),
(1862, 'Mr. Marcus Bayer Jr.', 'langosh.marvin@example.net', '2017-07-24 02:49:32', '2017-07-24 02:49:32'),
(1863, 'Deondre Wunsch', 'ellie.goyette@example.net', '2017-07-24 02:49:32', '2017-07-24 02:49:32'),
(1864, 'Mr. Ernie Kirlin', 'creola24@example.com', '2017-07-24 02:49:32', '2017-07-24 02:49:32'),
(1865, 'Favian Blanda', 'darlene.botsford@example.org', '2017-07-24 02:49:32', '2017-07-24 02:49:32'),
(1866, 'Prof. Willow Paucek', 'wraynor@example.org', '2017-07-24 02:49:32', '2017-07-24 02:49:32'),
(1867, 'Mrs. Rachel Auer DDS', 'geo.langosh@example.org', '2017-07-24 02:49:32', '2017-07-24 02:49:32'),
(1868, 'Pearline Schuster', 'lorenza.runolfsson@example.net', '2017-07-24 02:49:32', '2017-07-24 02:49:32'),
(1869, 'Thurman Mante', 'amparo.beahan@example.org', '2017-07-24 02:49:32', '2017-07-24 02:49:32'),
(1870, 'Marjorie Bauch', 'amcclure@example.com', '2017-07-24 02:49:32', '2017-07-24 02:49:32'),
(1871, 'Ethelyn Legros', 'molly33@example.org', '2017-07-24 02:49:32', '2017-07-24 02:49:32'),
(1872, 'Alize Sawayn V', 'kuhlman.ibrahim@example.net', '2017-07-24 02:49:32', '2017-07-24 02:49:32'),
(1873, 'Augustus Dietrich', 'tweissnat@example.org', '2017-07-24 02:49:33', '2017-07-24 02:49:33'),
(1874, 'Haskell Mills', 'nwelch@example.com', '2017-07-24 02:49:33', '2017-07-24 02:49:33'),
(1875, 'Israel Johnson', 'cwisoky@example.net', '2017-07-24 02:49:33', '2017-07-24 02:49:33'),
(1876, 'Raymundo Bartoletti', 'aliza20@example.net', '2017-07-24 02:49:33', '2017-07-24 02:49:33'),
(1877, 'Orion Hartmann', 'mae54@example.net', '2017-07-24 02:49:33', '2017-07-24 02:49:33'),
(1878, 'Estefania Dooley', 'graham.osbaldo@example.net', '2017-07-24 02:49:33', '2017-07-24 02:49:33'),
(1879, 'Susanna Graham', 'catalina73@example.net', '2017-07-24 02:49:33', '2017-07-24 02:49:33'),
(1880, 'Ezekiel Bins', 'gabriel.kihn@example.com', '2017-07-24 02:49:33', '2017-07-24 02:49:33'),
(1881, 'Opal Hackett', 'theresia.wisoky@example.com', '2017-07-24 02:49:33', '2017-07-24 02:49:33'),
(1882, 'Verlie Lehner', 'mraz.ciara@example.net', '2017-07-24 02:49:33', '2017-07-24 02:49:33'),
(1883, 'Prof. Elwin Brown', 'enos.lind@example.net', '2017-07-24 02:49:33', '2017-07-24 02:49:33'),
(1884, 'Dusty Hilll', 'ikonopelski@example.com', '2017-07-24 02:49:33', '2017-07-24 02:49:33'),
(1885, 'Stephanie Okuneva', 'kihn.vida@example.net', '2017-07-24 02:49:33', '2017-07-24 02:49:33'),
(1886, 'Jacklyn Douglas', 'hackett.kari@example.org', '2017-07-24 02:49:33', '2017-07-24 02:49:33'),
(1887, 'Easton Harber', 'bridgette.funk@example.org', '2017-07-24 02:49:33', '2017-07-24 02:49:33'),
(1888, 'Leonardo Gerlach', 'kennedi.murphy@example.net', '2017-07-24 02:49:33', '2017-07-24 02:49:33'),
(1889, 'Dr. Eliezer Schinner DVM', 'antwon.kuphal@example.org', '2017-07-24 02:49:33', '2017-07-24 02:49:33'),
(1890, 'Mia Carroll', 'keven82@example.com', '2017-07-24 02:49:33', '2017-07-24 02:49:33'),
(1891, 'Kattie Tromp', 'sam.pacocha@example.org', '2017-07-24 02:49:33', '2017-07-24 02:49:33'),
(1892, 'Prof. Jedediah Kunde V', 'billy.prosacco@example.org', '2017-07-24 02:49:33', '2017-07-24 02:49:33'),
(1893, 'Dr. Shea Klein', 'mante.timothy@example.org', '2017-07-24 02:49:33', '2017-07-24 02:49:33'),
(1894, 'Titus Balistreri MD', 'idoyle@example.net', '2017-07-24 02:49:33', '2017-07-24 02:49:33'),
(1895, 'Mr. Stuart Nader DDS', 'ppouros@example.net', '2017-07-24 02:49:33', '2017-07-24 02:49:33'),
(1896, 'Dr. Gianni Stokes', 'smayert@example.org', '2017-07-24 02:49:33', '2017-07-24 02:49:33'),
(1897, 'Prof. Unique Lynch PhD', 'florine.harvey@example.org', '2017-07-24 02:49:33', '2017-07-24 02:49:33'),
(1898, 'Drake Haag', 'ashleigh38@example.net', '2017-07-24 02:49:33', '2017-07-24 02:49:33'),
(1899, 'Dahlia Romaguera', 'muller.ladarius@example.net', '2017-07-24 02:49:33', '2017-07-24 02:49:33'),
(1900, 'Dr. Hilario Hahn', 'wanda.trantow@example.net', '2017-07-24 02:49:33', '2017-07-24 02:49:33'),
(1901, 'Harrison Hudson', 'jermaine.deckow@example.net', '2017-07-24 02:49:33', '2017-07-24 02:49:33'),
(1902, 'Orie Bailey', 'santino61@example.net', '2017-07-24 02:49:33', '2017-07-24 02:49:33'),
(1903, 'Yesenia Ullrich', 'dewitt56@example.net', '2017-07-24 02:49:33', '2017-07-24 02:49:33'),
(1904, 'Adam Moore', 'chelsey59@example.org', '2017-07-24 02:49:33', '2017-07-24 02:49:33'),
(1905, 'Kane Borer', 'estell.wilderman@example.org', '2017-07-24 02:49:33', '2017-07-24 02:49:33'),
(1906, 'Elmore Emard', 'ibogisich@example.org', '2017-07-24 02:49:33', '2017-07-24 02:49:33'),
(1907, 'Alden Gulgowski', 'felton50@example.net', '2017-07-24 02:49:33', '2017-07-24 02:49:33'),
(1908, 'Sherwood Treutel', 'eugenia.raynor@example.net', '2017-07-24 02:49:33', '2017-07-24 02:49:33'),
(1909, 'Oleta Cruickshank', 'zroberts@example.com', '2017-07-24 02:49:33', '2017-07-24 02:49:33'),
(1910, 'Clotilde Goyette Sr.', 'ola18@example.org', '2017-07-24 02:49:33', '2017-07-24 02:49:33'),
(1911, 'Mr. Garrison Howell III', 'gladyce.romaguera@example.com', '2017-07-24 02:49:33', '2017-07-24 02:49:33'),
(1912, 'Prof. Angel Collins', 'virgil87@example.org', '2017-07-24 02:49:33', '2017-07-24 02:49:33'),
(1913, 'Roberta Schamberger', 'jbernier@example.com', '2017-07-24 02:49:33', '2017-07-24 02:49:33'),
(1914, 'Westley Weimann', 'isaac33@example.net', '2017-07-24 02:49:33', '2017-07-24 02:49:33'),
(1915, 'Dulce Weber', 'julianne97@example.org', '2017-07-24 02:49:33', '2017-07-24 02:49:33'),
(1916, 'Sasha Lueilwitz', 'savanah99@example.net', '2017-07-24 02:49:33', '2017-07-24 02:49:33'),
(1917, 'Norbert Gottlieb Sr.', 'marietta80@example.net', '2017-07-24 02:49:33', '2017-07-24 02:49:33'),
(1918, 'Elliot Leuschke', 'lemke.lorna@example.com', '2017-07-24 02:49:33', '2017-07-24 02:49:33'),
(1919, 'Franz Barrows', 'nelda.mayert@example.com', '2017-07-24 02:49:33', '2017-07-24 02:49:33'),
(1920, 'Tess Lehner', 'denesik.soledad@example.org', '2017-07-24 02:49:33', '2017-07-24 02:49:33'),
(1921, 'Prof. Lew Osinski II', 'cflatley@example.net', '2017-07-24 02:49:33', '2017-07-24 02:49:33'),
(1922, 'Jeremy Beer', 'domenica59@example.net', '2017-07-24 02:49:33', '2017-07-24 02:49:33'),
(1923, 'Ms. Sibyl Mann', 'damian26@example.net', '2017-07-24 02:49:33', '2017-07-24 02:49:33'),
(1924, 'Mr. Vidal Hayes IV', 'veum.ibrahim@example.net', '2017-07-24 02:49:33', '2017-07-24 02:49:33'),
(1925, 'Sonny Crooks DVM', 'fredy53@example.net', '2017-07-24 02:49:33', '2017-07-24 02:49:33'),
(1926, 'Jamil Gislason', 'lou16@example.org', '2017-07-24 02:49:33', '2017-07-24 02:49:33'),
(1927, 'Magdalen Schaden II', 'gbergstrom@example.net', '2017-07-24 02:49:33', '2017-07-24 02:49:33'),
(1928, 'Isadore Kohler I', 'awalter@example.com', '2017-07-24 02:49:33', '2017-07-24 02:49:33'),
(1929, 'Haylee Davis', 'ndaugherty@example.org', '2017-07-24 02:49:33', '2017-07-24 02:49:33'),
(1930, 'Sienna Flatley IV', 'wuckert.kailyn@example.net', '2017-07-24 02:49:33', '2017-07-24 02:49:33'),
(1931, 'Stevie Heaney', 'benedict51@example.org', '2017-07-24 02:49:33', '2017-07-24 02:49:33'),
(1932, 'Cynthia Weimann', 'colleen.rutherford@example.org', '2017-07-24 02:49:33', '2017-07-24 02:49:33'),
(1933, 'Miss Nora Greenholt Sr.', 'sfay@example.net', '2017-07-24 02:49:33', '2017-07-24 02:49:33'),
(1934, 'Taya Labadie V', 'darrion.thompson@example.com', '2017-07-24 02:49:33', '2017-07-24 02:49:33'),
(1935, 'Elvie Cartwright', 'kris.abernathy@example.org', '2017-07-24 02:49:33', '2017-07-24 02:49:33'),
(1936, 'Rocio Funk', 'zchamplin@example.net', '2017-07-24 02:49:33', '2017-07-24 02:49:33'),
(1937, 'Brianne Hammes', 'nolan.fritsch@example.net', '2017-07-24 02:49:33', '2017-07-24 02:49:33'),
(1938, 'Rashawn Murphy DDS', 'aidan.wolff@example.org', '2017-07-24 02:49:33', '2017-07-24 02:49:33'),
(1939, 'Concepcion Rodriguez V', 'stamm.flavio@example.net', '2017-07-24 02:49:33', '2017-07-24 02:49:33'),
(1940, 'Ms. Tianna Crona', 'xabernathy@example.net', '2017-07-24 02:49:33', '2017-07-24 02:49:33'),
(1941, 'Adelbert Stehr Sr.', 'candido.romaguera@example.com', '2017-07-24 02:49:33', '2017-07-24 02:49:33'),
(1942, 'Joannie Kautzer', 'misty04@example.com', '2017-07-24 02:49:33', '2017-07-24 02:49:33'),
(1943, 'Dr. Birdie Predovic', 'howe.melvin@example.com', '2017-07-24 02:49:33', '2017-07-24 02:49:33'),
(1944, 'Danika Swift', 'nathanial56@example.com', '2017-07-24 02:49:33', '2017-07-24 02:49:33'),
(1945, 'Ms. Frederique Orn I', 'jwaelchi@example.net', '2017-07-24 02:49:33', '2017-07-24 02:49:33'),
(1946, 'Prof. Stephan Mitchell III', 'stokes.brianne@example.com', '2017-07-24 02:49:33', '2017-07-24 02:49:33'),
(1947, 'Sean Swaniawski PhD', 'lindgren.marilyne@example.net', '2017-07-24 02:49:33', '2017-07-24 02:49:33'),
(1948, 'Lela Heidenreich', 'nickolas.hettinger@example.net', '2017-07-24 02:49:33', '2017-07-24 02:49:33'),
(1949, 'Mr. Franco Kohler PhD', 'fay.haylee@example.com', '2017-07-24 02:49:33', '2017-07-24 02:49:33'),
(1950, 'Zaria Ernser', 'mittie16@example.com', '2017-07-24 02:49:33', '2017-07-24 02:49:33'),
(1951, 'Macie Brown', 'ruecker.maude@example.org', '2017-07-24 02:49:33', '2017-07-24 02:49:33'),
(1952, 'Robyn Smith', 'eugenia.turner@example.com', '2017-07-24 02:49:33', '2017-07-24 02:49:33'),
(1953, 'Rodolfo Barrows', 'jeffry.hilll@example.com', '2017-07-24 02:49:33', '2017-07-24 02:49:33'),
(1954, 'Justina Hodkiewicz MD', 'ward61@example.com', '2017-07-24 02:49:33', '2017-07-24 02:49:33'),
(1955, 'Toy Brekke', 'alejandrin45@example.net', '2017-07-24 02:49:33', '2017-07-24 02:49:33'),
(1956, 'Colt Donnelly PhD', 'mills.kaya@example.org', '2017-07-24 02:49:33', '2017-07-24 02:49:33'),
(1957, 'Vesta Paucek', 'paige.rippin@example.com', '2017-07-24 02:49:33', '2017-07-24 02:49:33'),
(1958, 'Jacinthe Bogan', 'aisha.littel@example.net', '2017-07-24 02:49:33', '2017-07-24 02:49:33'),
(1959, 'Alfred Hills', 'xprice@example.com', '2017-07-24 02:49:33', '2017-07-24 02:49:33'),
(1960, 'Ms. Herta Heller', 'ethyl69@example.com', '2017-07-24 02:49:33', '2017-07-24 02:49:33'),
(1961, 'Karli Ortiz', 'maggio.britney@example.net', '2017-07-24 02:49:33', '2017-07-24 02:49:33'),
(1962, 'Vernice Flatley', 'jazmin40@example.org', '2017-07-24 02:49:33', '2017-07-24 02:49:33'),
(1963, 'Rahsaan Ondricka', 'kacie34@example.com', '2017-07-24 02:49:33', '2017-07-24 02:49:33'),
(1964, 'Milton Koepp', 'king.jaylen@example.net', '2017-07-24 02:49:33', '2017-07-24 02:49:33'),
(1965, 'Dr. Percival Cummerata', 'bradtke.ralph@example.net', '2017-07-24 02:49:33', '2017-07-24 02:49:33'),
(1966, 'Daphney O''Kon', 'bferry@example.net', '2017-07-24 02:49:33', '2017-07-24 02:49:33'),
(1967, 'Celestino Graham', 'mcclure.caroline@example.net', '2017-07-24 02:49:33', '2017-07-24 02:49:33'),
(1968, 'Cecilia Langworth', 'schmidt.nels@example.org', '2017-07-24 02:49:33', '2017-07-24 02:49:33'),
(1969, 'Eulalia Runolfsdottir I', 'kdoyle@example.org', '2017-07-24 02:49:33', '2017-07-24 02:49:33'),
(1970, 'Brooks Tromp', 'uconroy@example.com', '2017-07-24 02:49:33', '2017-07-24 02:49:33'),
(1971, 'Emanuel Eichmann', 'dena.franecki@example.net', '2017-07-24 02:49:33', '2017-07-24 02:49:33'),
(1972, 'Abagail Hamill', 'donnell69@example.com', '2017-07-24 02:49:33', '2017-07-24 02:49:33'),
(1973, 'Leone Beahan', 'schultz.timmy@example.net', '2017-07-24 02:49:33', '2017-07-24 02:49:33'),
(1974, 'Brady Hand MD', 'winston21@example.com', '2017-07-24 02:49:33', '2017-07-24 02:49:33'),
(1975, 'Garnett Anderson', 'beier.roger@example.com', '2017-07-24 02:49:33', '2017-07-24 02:49:33'),
(1976, 'Mr. Lambert Jast DDS', 'sanford11@example.net', '2017-07-24 02:49:33', '2017-07-24 02:49:33'),
(1977, 'Ms. Ozella Hirthe', 'renner.elvis@example.com', '2017-07-24 02:49:33', '2017-07-24 02:49:33'),
(1978, 'Mr. Wilfredo Hegmann Sr.', 'douglas.feil@example.net', '2017-07-24 02:49:33', '2017-07-24 02:49:33'),
(1979, 'Elmira Hilpert', 'graham.jeffery@example.com', '2017-07-24 02:49:33', '2017-07-24 02:49:33'),
(1980, 'Dr. Kane Quitzon III', 'jayde31@example.net', '2017-07-24 02:49:33', '2017-07-24 02:49:33'),
(1981, 'Aisha Miller', 'trey70@example.com', '2017-07-24 02:49:33', '2017-07-24 02:49:33'),
(1982, 'Shanel Rodriguez', 'qblock@example.com', '2017-07-24 02:49:33', '2017-07-24 02:49:33'),
(1983, 'Dusty Senger', 'xemmerich@example.com', '2017-07-24 02:49:33', '2017-07-24 02:49:33'),
(1984, 'Eileen Hagenes', 'sigrid30@example.net', '2017-07-24 02:49:33', '2017-07-24 02:49:33'),
(1985, 'Mrs. Leta Bechtelar II', 'leuschke.darrell@example.com', '2017-07-24 02:49:33', '2017-07-24 02:49:33'),
(1986, 'Vickie Turner II', 'pagac.tyree@example.net', '2017-07-24 02:49:33', '2017-07-24 02:49:33'),
(1987, 'Dr. Eloy Hilll I', 'weimann.kenyon@example.org', '2017-07-24 02:49:33', '2017-07-24 02:49:33'),
(1988, 'Ramon Nienow I', 'davis.royce@example.org', '2017-07-24 02:49:33', '2017-07-24 02:49:33'),
(1989, 'Alia Huels', 'friesen.florence@example.com', '2017-07-24 02:49:33', '2017-07-24 02:49:33'),
(1990, 'Alena Feeney', 'barney.hudson@example.net', '2017-07-24 02:49:33', '2017-07-24 02:49:33'),
(1991, 'Horacio Cormier', 'oren.jakubowski@example.org', '2017-07-24 02:49:33', '2017-07-24 02:49:33'),
(1992, 'Kennith Balistreri', 'hubert67@example.org', '2017-07-24 02:49:33', '2017-07-24 02:49:33'),
(1993, 'Consuelo Hermiston', 'sydnie13@example.com', '2017-07-24 02:49:33', '2017-07-24 02:49:33'),
(1994, 'Austin Donnelly V', 'gloria31@example.net', '2017-07-24 02:49:33', '2017-07-24 02:49:33'),
(1995, 'Autumn Marvin', 'spencer.felicity@example.org', '2017-07-24 02:49:33', '2017-07-24 02:49:33'),
(1996, 'Timmy Moen', 'giovanna76@example.net', '2017-07-24 02:49:33', '2017-07-24 02:49:33'),
(1997, 'Mr. Sofia Effertz', 'fhackett@example.com', '2017-07-24 02:49:33', '2017-07-24 02:49:33'),
(1998, 'Dr. Jessika Lehner V', 'alvis78@example.net', '2017-07-24 02:49:33', '2017-07-24 02:49:33'),
(1999, 'Susana Gulgowski', 'shirley.bergstrom@example.net', '2017-07-24 02:49:33', '2017-07-24 02:49:33'),
(2000, 'Enola Pfeffer', 'elyssa03@example.net', '2017-07-24 02:49:33', '2017-07-24 02:49:33');

-- --------------------------------------------------------

--
-- Table structure for table `settings`
--

CREATE TABLE IF NOT EXISTS `settings` (
  `id` int(10) unsigned NOT NULL,
  `key` varchar(191) COLLATE utf8mb4_unicode_ci NOT NULL,
  `display_name` varchar(191) COLLATE utf8mb4_unicode_ci NOT NULL,
  `value` text COLLATE utf8mb4_unicode_ci NOT NULL,
  `details` text COLLATE utf8mb4_unicode_ci,
  `type` varchar(191) COLLATE utf8mb4_unicode_ci NOT NULL,
  `order` int(11) NOT NULL DEFAULT '1'
) ENGINE=InnoDB AUTO_INCREMENT=11 DEFAULT CHARSET=utf8mb4 COLLATE=utf8mb4_unicode_ci;

--
-- Dumping data for table `settings`
--

INSERT INTO `settings` (`id`, `key`, `display_name`, `value`, `details`, `type`, `order`) VALUES
(1, 'title', 'Site Title', 'demo site title', '', 'text', 1),
(2, 'description', 'Site Description', 'Site Description', '', 'text', 2),
(3, 'logo', 'Site Logo', '/storage/settings/May2017/04W1esyknNCSENvQeWfu.png', '', 'image', 3),
(4, 'admin_bg_image', 'Admin Background Image', '', '', 'image', 9),
(5, 'admin_title', 'Admin Title', 'NKS', '', 'text', 4),
(6, 'admin_description', 'Admin Description', 'Welcome NKS admin site', '', 'text', 5),
(7, 'admin_loader', 'Admin Loader', '', '', 'image', 6),
(8, 'admin_icon_image', 'Admin Icon Image', '/storage/settings/May2017/04W1esyknNCSENvQeWfu.png', '', 'image', 7),
(9, 'google_analytics_client_id', 'Google Analytics Client ID', '', '', 'text', 9),
(10, 'watermark', 'Watermark', '/storage/settings/May2017/04W1esyknNCSENvQeWfu.png', NULL, 'image', 10);

-- --------------------------------------------------------

--
-- Table structure for table `translations`
--

CREATE TABLE IF NOT EXISTS `translations` (
  `id` int(10) unsigned NOT NULL,
  `table_name` varchar(191) COLLATE utf8mb4_unicode_ci NOT NULL,
  `column_name` varchar(191) COLLATE utf8mb4_unicode_ci NOT NULL,
  `foreign_key` int(10) unsigned NOT NULL,
  `locale` varchar(191) COLLATE utf8mb4_unicode_ci NOT NULL,
  `value` text COLLATE utf8mb4_unicode_ci NOT NULL,
  `created_at` timestamp NULL DEFAULT NULL,
  `updated_at` timestamp NULL DEFAULT NULL
) ENGINE=InnoDB AUTO_INCREMENT=15 DEFAULT CHARSET=utf8mb4 COLLATE=utf8mb4_unicode_ci;

--
-- Dumping data for table `translations`
--

INSERT INTO `translations` (`id`, `table_name`, `column_name`, `foreign_key`, `locale`, `value`, `created_at`, `updated_at`) VALUES
(1, 'pages', 'title', 1, 'pt', 'Olá Mundo', '2017-04-02 14:37:00', '2017-04-02 14:37:00'),
(2, 'pages', 'slug', 1, 'pt', 'ola-mundo', '2017-04-02 14:37:00', '2017-04-02 14:37:00'),
(3, 'pages', 'body', 1, 'pt', '<p>Olá Mundo. Scallywag grog swab Cat o''nine tails scuttle rigging hardtack cable nipper Yellow Jack. Handsomely spirits knave lad killick landlubber or just lubber deadlights chantey pinnace crack Jennys tea cup. Provost long clothes black spot Yellow Jack bilged on her anchor league lateen sail case shot lee tackle.</p>\r\n<p>Ballast spirits fluke topmast me quarterdeck schooner landlubber or just lubber gabion belaying pin. Pinnace stern galleon starboard warp carouser to go on account dance the hempen jig jolly boat measured fer yer chains. Man-of-war fire in the hole nipperkin handsomely doubloon barkadeer Brethren of the Coast gibbet driver squiffy.</p>', '2017-04-02 14:37:00', '2017-04-02 14:37:00'),
(4, 'menu_items', 'title', 1, 'pt', 'Painel de Controle', '2017-04-02 14:37:00', '2017-04-02 14:37:00'),
(5, 'menu_items', 'title', 2, 'pt', 'Media', '2017-04-02 14:37:00', '2017-04-02 14:37:00'),
(6, 'menu_items', 'title', 3, 'pt', 'Publicações', '2017-04-02 14:37:00', '2017-04-02 14:37:00'),
(7, 'menu_items', 'title', 4, 'pt', 'Utilizadores', '2017-04-02 14:37:00', '2017-04-02 14:37:00'),
(8, 'menu_items', 'title', 5, 'pt', 'Categorias', '2017-04-02 14:37:00', '2017-04-02 14:37:00'),
(9, 'menu_items', 'title', 6, 'pt', 'Páginas', '2017-04-02 14:37:00', '2017-04-02 14:37:00'),
(10, 'menu_items', 'title', 7, 'pt', 'Funções', '2017-04-02 14:37:00', '2017-04-02 14:37:00'),
(11, 'menu_items', 'title', 8, 'pt', 'Ferramentas', '2017-04-02 14:37:00', '2017-04-02 14:37:00'),
(12, 'menu_items', 'title', 9, 'pt', 'Menus', '2017-04-02 14:37:00', '2017-04-02 14:37:00'),
(13, 'menu_items', 'title', 10, 'pt', 'Base de dados', '2017-04-02 14:37:00', '2017-04-02 14:37:00'),
(14, 'menu_items', 'title', 11, 'pt', 'Configurações', '2017-04-02 14:37:00', '2017-04-02 14:37:00');

-- --------------------------------------------------------

--
-- Table structure for table `users`
--

CREATE TABLE IF NOT EXISTS `users` (
  `id` int(10) unsigned NOT NULL,
  `role_id` int(11) DEFAULT NULL,
  `name` varchar(191) COLLATE utf8mb4_unicode_ci NOT NULL,
  `email` varchar(191) COLLATE utf8mb4_unicode_ci NOT NULL,
  `avatar` varchar(191) COLLATE utf8mb4_unicode_ci DEFAULT NULL,
  `password` varchar(191) COLLATE utf8mb4_unicode_ci NOT NULL,
  `remember_token` varchar(100) COLLATE utf8mb4_unicode_ci DEFAULT NULL,
  `created_at` timestamp NULL DEFAULT NULL,
  `updated_at` timestamp NULL DEFAULT NULL,
  `deleted_at` timestamp NULL DEFAULT NULL
) ENGINE=InnoDB AUTO_INCREMENT=5 DEFAULT CHARSET=utf8mb4 COLLATE=utf8mb4_unicode_ci;

--
-- Dumping data for table `users`
--

INSERT INTO `users` (`id`, `role_id`, `name`, `email`, `avatar`, `password`, `remember_token`, `created_at`, `updated_at`, `deleted_at`) VALUES
(1, 1, 'Super admin', 'sadmin@sadmin.com', '/storage/users/default.png', '$2y$10$xIkdEFOaIXU7gdW5vmmdweUje3.wnfHoyPsk4Xes8EJBOsbbnjdAu', 'C506d1JH94o3OivnN9qBt6jF9qrrPgIUkcgr1KNE9ehjf1nLDL9AihezielA', '2017-04-02 14:37:00', '2017-05-22 19:13:50', NULL),
(2, 2, 'Admin', 'admin@admin.com', '/storage/users/default.png', '$2y$10$WC6vOcY79AqEObhfEuy4J.QZWHbtBPCsiMVualWSLV80D4eu8zuI2', 'LuSQNdLPKBV74dfP2m6WM3vTaR89GLQkiCY2eeS9KzZkziVszbOKQmteiv0G', '2017-05-04 18:44:51', '2017-05-22 19:54:08', NULL),
(3, 3, 'Editor', 'editor@editor.com', '/storage/users/default.png', '$2y$10$Ov0yHDDgG.HCvYc3AXlqjOSk9onpRFSswAQLHYVDkHwEmREV9hKDO', 'wvFfA8Q14rxlhFE6Nv77L7z7UKoXdS4j2joqkzz7mHrmGQJRlQhjFcTdlJBS', '2017-05-04 18:48:06', '2017-05-22 19:54:22', NULL),
(4, 4, 'leqtanh@gmail.com', 'leqtanh@gmail.com', '/storage/pages/AAgCCnqHfLlRub9syUdw.jpg', '$2y$10$qhrKpnznWvQHhSdU8fN1je.pqjOb1O/o.lXaGsdqTky84HU8s.YWi', '72B47cOm6JzMUFSFU3ime46YCvTs1m3ltoyA4PrRtY32MaEnEZeni1MfSp5l', '2017-05-22 01:54:54', '2017-07-10 08:07:09', NULL);

-- --------------------------------------------------------

--
-- Table structure for table `user_activities`
--

CREATE TABLE IF NOT EXISTS `user_activities` (
  `id` int(10) unsigned NOT NULL,
  `user_id` int(11) DEFAULT NULL,
  `user_ip` varchar(45) COLLATE utf8mb4_unicode_ci NOT NULL,
  `action` varchar(64) COLLATE utf8mb4_unicode_ci NOT NULL,
  `object` varchar(64) COLLATE utf8mb4_unicode_ci DEFAULT NULL,
  `object_id` int(11) DEFAULT NULL,
  `description` text COLLATE utf8mb4_unicode_ci,
  `browser` varchar(32) COLLATE utf8mb4_unicode_ci DEFAULT NULL,
  `device` varchar(32) COLLATE utf8mb4_unicode_ci DEFAULT NULL,
  `seen` text COLLATE utf8mb4_unicode_ci,
  `created_at` timestamp NULL DEFAULT NULL,
  `updated_at` timestamp NULL DEFAULT NULL,
  `deleted_at` timestamp NULL DEFAULT NULL
) ENGINE=InnoDB AUTO_INCREMENT=46 DEFAULT CHARSET=utf8mb4 COLLATE=utf8mb4_unicode_ci;

--
-- Dumping data for table `user_activities`
--

INSERT INTO `user_activities` (`id`, `user_id`, `user_ip`, `action`, `object`, `object_id`, `description`, `browser`, `device`, `seen`, `created_at`, `updated_at`, `deleted_at`) VALUES
(1, 1, '127.0.0.1', 'Login', 'Users', 1, 'User Super admin had been login at Thu, Jun 29, 2017 5:04 PM', 'Chrome', 'WebKit', NULL, '2017-06-29 10:04:29', '2017-06-29 10:04:29', NULL),
(2, 1, '127.0.0.1', 'view', 'posts', 4, 'View Post | title: Bài viết hay', 'Chrome', 'WebKit', NULL, '2017-06-29 10:11:16', '2017-06-29 10:11:16', NULL),
(3, 1, '127.0.0.1', 'update', 'posts', 4, 'Update Post | Image', 'Chrome', 'WebKit', NULL, '2017-06-29 10:14:52', '2017-06-29 10:14:52', NULL),
(4, 1, '127.0.0.1', 'update', 'posts', 4, 'Update Post | Image', 'Chrome', 'WebKit', NULL, '2017-06-29 10:15:55', '2017-06-29 10:15:55', NULL),
(5, 1, '127.0.0.1', 'Login', 'Users', 1, 'User Super admin had been login at Thu, Jul 6, 2017 2:03 PM', 'Chrome', 'WebKit', NULL, '2017-07-06 07:03:31', '2017-07-06 07:03:31', NULL),
(6, 1, '127.0.0.1', 'Login', 'Users', 1, 'User Super admin had been login at Mon, Jul 10, 2017 1:50 PM', 'Chrome', 'WebKit', NULL, '2017-07-10 06:50:34', '2017-07-10 06:50:34', NULL),
(7, 1, '127.0.0.1', 'Update', 'setting', NULL, 'Add new setting', 'Chrome', 'WebKit', NULL, '2017-07-10 06:58:13', '2017-07-10 06:58:13', NULL),
(8, 1, '127.0.0.1', 'Update', 'setting', NULL, 'Add new setting', 'Chrome', 'WebKit', NULL, '2017-07-10 07:00:17', '2017-07-10 07:00:17', NULL),
(9, 1, '127.0.0.1', 'Update', 'setting', NULL, 'Update setting', 'Chrome', 'WebKit', NULL, '2017-07-10 07:03:10', '2017-07-10 07:03:10', NULL),
(10, 1, '127.0.0.1', 'remove', 'Users', 1, 'User Super admin had been logout at Mon, Jul 10, 2017 2:06 PM', 'Chrome', 'WebKit', NULL, '2017-07-10 07:06:24', '2017-07-10 07:06:24', NULL),
(11, NULL, '127.0.0.1', 'Login', 'Users', NULL, 'Someone attack your server!!!', 'Chrome', 'WebKit', NULL, '2017-07-10 07:10:33', '2017-07-10 07:10:33', NULL),
(12, NULL, '127.0.0.1', 'Login', 'Users', NULL, 'Someone attack your server!!!', 'Chrome', 'WebKit', NULL, '2017-07-10 07:10:37', '2017-07-10 07:10:37', NULL),
(13, NULL, '127.0.0.1', 'Login', 'Users', NULL, 'Someone attack your server!!!', 'Chrome', 'WebKit', NULL, '2017-07-10 07:13:44', '2017-07-10 07:13:44', NULL),
(14, NULL, '127.0.0.1', 'Login', 'Users', NULL, 'Someone attack your server!!!', 'Chrome', 'WebKit', NULL, '2017-07-10 07:14:00', '2017-07-10 07:14:00', NULL),
(15, NULL, '127.0.0.1', 'Login', 'Users', NULL, 'Someone attack your server!!!', 'Chrome', 'WebKit', NULL, '2017-07-10 07:14:04', '2017-07-10 07:14:04', NULL),
(16, NULL, '127.0.0.1', 'Login', 'Users', NULL, 'Someone attack your server!!!', 'Chrome', 'WebKit', NULL, '2017-07-10 07:14:08', '2017-07-10 07:14:08', NULL),
(17, NULL, '127.0.0.1', 'Login', 'Users', NULL, 'Someone attack your server!!!', 'Chrome', 'WebKit', NULL, '2017-07-10 07:14:13', '2017-07-10 07:14:13', NULL),
(18, NULL, '127.0.0.1', 'Login', 'Users', NULL, 'Someone attack your server!!!', 'Chrome', 'WebKit', NULL, '2017-07-10 07:14:27', '2017-07-10 07:14:27', NULL),
(19, NULL, '127.0.0.1', 'Login', 'Users', NULL, 'Someone attack your server!!!', 'Chrome', 'WebKit', NULL, '2017-07-10 07:14:30', '2017-07-10 07:14:30', NULL),
(20, NULL, '127.0.0.1', 'Login', 'Users', NULL, 'Someone attack your server!!!', 'Chrome', 'WebKit', NULL, '2017-07-10 07:14:33', '2017-07-10 07:14:33', NULL),
(21, NULL, '127.0.0.1', 'Login', 'Users', NULL, 'Someone attack your server!!!', 'Chrome', 'WebKit', NULL, '2017-07-10 07:14:36', '2017-07-10 07:14:36', NULL),
(22, NULL, '127.0.0.1', 'Login', 'Users', NULL, 'Someone attack your server!!!', 'Chrome', 'WebKit', NULL, '2017-07-10 07:14:39', '2017-07-10 07:14:39', NULL),
(23, NULL, '127.0.0.1', 'Login', 'Users', NULL, 'Someone attack your server!!!', 'Chrome', 'WebKit', NULL, '2017-07-10 07:14:42', '2017-07-10 07:14:42', NULL),
(24, NULL, '127.0.0.1', 'Login', 'Users', NULL, 'Someone attack your server!!!', 'Chrome', 'WebKit', NULL, '2017-07-10 07:15:03', '2017-07-10 07:15:03', NULL),
(25, NULL, '127.0.0.1', 'Login', 'Users', NULL, 'Someone attack your server!!!', 'Chrome', 'WebKit', NULL, '2017-07-10 07:18:52', '2017-07-10 07:18:52', NULL),
(26, NULL, '127.0.0.1', 'Login', 'Users', NULL, 'Someone attack your server!!!', 'Chrome', 'WebKit', NULL, '2017-07-10 07:18:55', '2017-07-10 07:18:55', NULL),
(27, NULL, '127.0.0.1', 'Login', 'Users', NULL, 'Someone attack your server!!!', 'Chrome', 'WebKit', NULL, '2017-07-10 07:23:33', '2017-07-10 07:23:33', NULL),
(28, NULL, '127.0.0.1', 'Login', 'Users', NULL, 'Someone attack your server!!!', 'Chrome', 'WebKit', NULL, '2017-07-10 07:23:36', '2017-07-10 07:23:36', NULL),
(29, NULL, '127.0.0.1', 'Login', 'Users', NULL, 'Someone attack your server!!!', 'Chrome', 'WebKit', NULL, '2017-07-10 07:23:39', '2017-07-10 07:23:39', NULL),
(30, 1, '127.0.0.1', 'Login', 'Users', 1, 'User Super admin had been login at Mon, Jul 10, 2017 2:34 PM', 'Chrome', 'WebKit', NULL, '2017-07-10 07:34:04', '2017-07-10 07:34:04', NULL),
(31, 1, '127.0.0.1', 'remove', 'Users', 1, 'User Super admin had been logout at Mon, Jul 10, 2017 2:51 PM', 'Chrome', 'WebKit', NULL, '2017-07-10 07:51:55', '2017-07-10 07:51:55', NULL),
(32, NULL, '127.0.0.1', 'Login', 'Users', 4, 'Login wrong information several times', 'Chrome', 'WebKit', NULL, '2017-07-10 07:52:18', '2017-07-10 07:52:18', NULL),
(33, NULL, '127.0.0.1', 'Login', 'Users', 4, 'Login wrong information several times', 'Chrome', 'WebKit', NULL, '2017-07-10 07:52:24', '2017-07-10 07:52:24', NULL),
(34, 1, '127.0.0.1', 'Login', 'Users', 1, 'User Super admin had been login at Mon, Jul 10, 2017 2:52 PM', 'Chrome', 'WebKit', NULL, '2017-07-10 07:52:33', '2017-07-10 07:52:33', NULL),
(35, 1, '127.0.0.1', 'update', 'users', 4, 'Update User | password | avatar', 'Chrome', 'WebKit', NULL, '2017-07-10 08:07:09', '2017-07-10 08:07:09', NULL),
(36, 1, '127.0.0.1', 'remove', 'Users', 1, 'User Super admin had been logout at Mon, Jul 10, 2017 3:07 PM', 'Chrome', 'WebKit', NULL, '2017-07-10 08:07:24', '2017-07-10 08:07:24', NULL),
(37, 4, '127.0.0.1', 'Login', 'Users', 4, 'Login wrong information several times', 'Chrome', 'WebKit', NULL, '2017-07-10 08:07:31', '2017-07-10 08:07:31', NULL),
(38, 1, '127.0.0.1', 'Login', 'Users', 1, 'User Super admin had been login at Mon, Jul 10, 2017 3:07 PM', 'Chrome', 'WebKit', NULL, '2017-07-10 08:07:40', '2017-07-10 08:07:40', NULL),
(39, 1, '127.0.0.1', 'Update', 'setting', NULL, 'Update setting', 'Chrome', 'WebKit', NULL, '2017-07-10 08:08:19', '2017-07-10 08:08:19', NULL),
(40, 1, '127.0.0.1', 'Login', 'Users', 1, 'User Super admin had been login at Mon, Jul 24, 2017 9:52 AM', 'Chrome', 'WebKit', NULL, '2017-07-24 02:52:39', '2017-07-24 02:52:39', NULL),
(41, 1, '127.0.0.1', 'Login', 'Users', 1, 'User Super admin had been login at Mon, Jul 24, 2017 5:50 PM', 'Chrome', 'WebKit', NULL, '2017-07-24 10:50:43', '2017-07-24 10:50:43', NULL),
(42, 1, '127.0.0.1', 'update', 'posts', 10, 'Update Post | Entitle: from Chairman of the Danang city market to hear comments micro to Chairman of the Danang city market to hear comments micro 1 | Image', 'Chrome', 'WebKit', NULL, '2017-07-24 11:04:02', '2017-07-24 11:04:02', NULL),
(43, 1, '127.0.0.1', 'store', 'categories', 12, 'Create new Category | parent_id: 6 | name: test thu bai viet | slug: test-thu-bai-viet | Status: PUBLISHED | Pos: 1', 'Chrome', 'WebKit', NULL, '2017-07-24 14:00:48', '2017-07-24 14:00:48', NULL),
(44, 1, '127.0.0.1', 'Login', 'Users', 1, 'User Super admin had been login at Thu, Jul 27, 2017 2:22 PM', 'Chrome', 'WebKit', NULL, '2017-07-27 07:22:13', '2017-07-27 07:22:13', NULL),
(45, 1, '127.0.0.1', 'Login', 'Users', 1, 'User Super admin had been login at Thu, Jul 27, 2017 3:30 PM', 'Chrome', 'WebKit', NULL, '2017-07-27 08:30:00', '2017-07-27 08:30:00', NULL);

--
-- Indexes for dumped tables
--

--
-- Indexes for table `analytics`
--
ALTER TABLE `analytics`
  ADD PRIMARY KEY (`id`);

--
-- Indexes for table `categories`
--
ALTER TABLE `categories`
  ADD PRIMARY KEY (`id`),
  ADD UNIQUE KEY `categories_slug_unique` (`slug`),
  ADD KEY `categories_parent_id_foreign` (`parent_id`);

--
-- Indexes for table `components`
--
ALTER TABLE `components`
  ADD PRIMARY KEY (`id`);

--
-- Indexes for table `data_rows`
--
ALTER TABLE `data_rows`
  ADD PRIMARY KEY (`id`),
  ADD KEY `data_rows_data_type_id_foreign` (`data_type_id`);

--
-- Indexes for table `data_types`
--
ALTER TABLE `data_types`
  ADD PRIMARY KEY (`id`),
  ADD UNIQUE KEY `data_types_name_unique` (`name`),
  ADD UNIQUE KEY `data_types_slug_unique` (`slug`);

--
-- Indexes for table `mail_templates`
--
ALTER TABLE `mail_templates`
  ADD PRIMARY KEY (`id`);

--
-- Indexes for table `menus`
--
ALTER TABLE `menus`
  ADD PRIMARY KEY (`id`),
  ADD UNIQUE KEY `menus_name_unique` (`name`);

--
-- Indexes for table `menu_items`
--
ALTER TABLE `menu_items`
  ADD PRIMARY KEY (`id`),
  ADD KEY `menu_items_menu_id_foreign` (`menu_id`);

--
-- Indexes for table `migrations`
--
ALTER TABLE `migrations`
  ADD PRIMARY KEY (`id`);

--
-- Indexes for table `pages`
--
ALTER TABLE `pages`
  ADD PRIMARY KEY (`id`),
  ADD UNIQUE KEY `pages_slug_unique` (`slug`);

--
-- Indexes for table `password_resets`
--
ALTER TABLE `password_resets`
  ADD KEY `password_resets_email_index` (`email`);

--
-- Indexes for table `permissions`
--
ALTER TABLE `permissions`
  ADD PRIMARY KEY (`id`),
  ADD KEY `permissions_key_index` (`key`);

--
-- Indexes for table `permission_groups`
--
ALTER TABLE `permission_groups`
  ADD PRIMARY KEY (`id`),
  ADD UNIQUE KEY `permission_groups_name_unique` (`name`);

--
-- Indexes for table `permission_role`
--
ALTER TABLE `permission_role`
  ADD PRIMARY KEY (`permission_id`,`role_id`),
  ADD KEY `permission_role_permission_id_index` (`permission_id`),
  ADD KEY `permission_role_role_id_index` (`role_id`);

--
-- Indexes for table `posts`
--
ALTER TABLE `posts`
  ADD PRIMARY KEY (`id`),
  ADD UNIQUE KEY `posts_slug_unique` (`slug`);

--
-- Indexes for table `roles`
--
ALTER TABLE `roles`
  ADD PRIMARY KEY (`id`),
  ADD UNIQUE KEY `roles_name_unique` (`name`);

--
-- Indexes for table `serversides`
--
ALTER TABLE `serversides`
  ADD PRIMARY KEY (`id`),
  ADD UNIQUE KEY `serversides_email_unique` (`email`);

--
-- Indexes for table `settings`
--
ALTER TABLE `settings`
  ADD PRIMARY KEY (`id`),
  ADD UNIQUE KEY `settings_key_unique` (`key`);

--
-- Indexes for table `translations`
--
ALTER TABLE `translations`
  ADD PRIMARY KEY (`id`),
  ADD UNIQUE KEY `translations_table_name_column_name_foreign_key_locale_unique` (`table_name`,`column_name`,`foreign_key`,`locale`);

--
-- Indexes for table `users`
--
ALTER TABLE `users`
  ADD PRIMARY KEY (`id`),
  ADD UNIQUE KEY `users_email_unique` (`email`);

--
-- Indexes for table `user_activities`
--
ALTER TABLE `user_activities`
  ADD PRIMARY KEY (`id`);

--
-- AUTO_INCREMENT for dumped tables
--

--
-- AUTO_INCREMENT for table `analytics`
--
ALTER TABLE `analytics`
  MODIFY `id` int(10) unsigned NOT NULL AUTO_INCREMENT;
--
-- AUTO_INCREMENT for table `categories`
--
ALTER TABLE `categories`
  MODIFY `id` int(10) unsigned NOT NULL AUTO_INCREMENT,AUTO_INCREMENT=13;
--
-- AUTO_INCREMENT for table `components`
--
ALTER TABLE `components`
  MODIFY `id` int(10) unsigned NOT NULL AUTO_INCREMENT,AUTO_INCREMENT=4;
--
-- AUTO_INCREMENT for table `data_rows`
--
ALTER TABLE `data_rows`
  MODIFY `id` int(10) unsigned NOT NULL AUTO_INCREMENT,AUTO_INCREMENT=121;
--
-- AUTO_INCREMENT for table `data_types`
--
ALTER TABLE `data_types`
  MODIFY `id` int(10) unsigned NOT NULL AUTO_INCREMENT,AUTO_INCREMENT=13;
--
-- AUTO_INCREMENT for table `mail_templates`
--
ALTER TABLE `mail_templates`
  MODIFY `id` int(10) unsigned NOT NULL AUTO_INCREMENT,AUTO_INCREMENT=4;
--
-- AUTO_INCREMENT for table `menus`
--
ALTER TABLE `menus`
  MODIFY `id` int(10) unsigned NOT NULL AUTO_INCREMENT,AUTO_INCREMENT=2;
--
-- AUTO_INCREMENT for table `menu_items`
--
ALTER TABLE `menu_items`
  MODIFY `id` int(10) unsigned NOT NULL AUTO_INCREMENT,AUTO_INCREMENT=19;
--
-- AUTO_INCREMENT for table `migrations`
--
ALTER TABLE `migrations`
  MODIFY `id` int(10) unsigned NOT NULL AUTO_INCREMENT,AUTO_INCREMENT=26;
--
-- AUTO_INCREMENT for table `pages`
--
ALTER TABLE `pages`
  MODIFY `id` int(10) unsigned NOT NULL AUTO_INCREMENT,AUTO_INCREMENT=2;
--
-- AUTO_INCREMENT for table `permissions`
--
ALTER TABLE `permissions`
  MODIFY `id` int(10) unsigned NOT NULL AUTO_INCREMENT,AUTO_INCREMENT=72;
--
-- AUTO_INCREMENT for table `permission_groups`
--
ALTER TABLE `permission_groups`
  MODIFY `id` int(10) unsigned NOT NULL AUTO_INCREMENT;
--
-- AUTO_INCREMENT for table `posts`
--
ALTER TABLE `posts`
  MODIFY `id` int(10) unsigned NOT NULL AUTO_INCREMENT,AUTO_INCREMENT=11;
--
-- AUTO_INCREMENT for table `roles`
--
ALTER TABLE `roles`
  MODIFY `id` int(10) unsigned NOT NULL AUTO_INCREMENT,AUTO_INCREMENT=5;
--
-- AUTO_INCREMENT for table `serversides`
--
ALTER TABLE `serversides`
  MODIFY `id` int(10) unsigned NOT NULL AUTO_INCREMENT,AUTO_INCREMENT=2001;
--
-- AUTO_INCREMENT for table `settings`
--
ALTER TABLE `settings`
  MODIFY `id` int(10) unsigned NOT NULL AUTO_INCREMENT,AUTO_INCREMENT=11;
--
-- AUTO_INCREMENT for table `translations`
--
ALTER TABLE `translations`
  MODIFY `id` int(10) unsigned NOT NULL AUTO_INCREMENT,AUTO_INCREMENT=15;
--
-- AUTO_INCREMENT for table `users`
--
ALTER TABLE `users`
  MODIFY `id` int(10) unsigned NOT NULL AUTO_INCREMENT,AUTO_INCREMENT=5;
--
-- AUTO_INCREMENT for table `user_activities`
--
ALTER TABLE `user_activities`
  MODIFY `id` int(10) unsigned NOT NULL AUTO_INCREMENT,AUTO_INCREMENT=46;
--
-- Constraints for dumped tables
--

--
-- Constraints for table `categories`
--
ALTER TABLE `categories`
  ADD CONSTRAINT `categories_parent_id_foreign` FOREIGN KEY (`parent_id`) REFERENCES `categories` (`id`) ON DELETE SET NULL ON UPDATE CASCADE;

--
-- Constraints for table `data_rows`
--
ALTER TABLE `data_rows`
  ADD CONSTRAINT `data_rows_data_type_id_foreign` FOREIGN KEY (`data_type_id`) REFERENCES `data_types` (`id`) ON DELETE CASCADE ON UPDATE CASCADE;

--
-- Constraints for table `menu_items`
--
ALTER TABLE `menu_items`
  ADD CONSTRAINT `menu_items_menu_id_foreign` FOREIGN KEY (`menu_id`) REFERENCES `menus` (`id`) ON DELETE CASCADE;

--
-- Constraints for table `permission_role`
--
ALTER TABLE `permission_role`
  ADD CONSTRAINT `permission_role_permission_id_foreign` FOREIGN KEY (`permission_id`) REFERENCES `permissions` (`id`) ON DELETE CASCADE,
  ADD CONSTRAINT `permission_role_role_id_foreign` FOREIGN KEY (`role_id`) REFERENCES `roles` (`id`) ON DELETE CASCADE;

/*!40101 SET CHARACTER_SET_CLIENT=@OLD_CHARACTER_SET_CLIENT */;
/*!40101 SET CHARACTER_SET_RESULTS=@OLD_CHARACTER_SET_RESULTS */;
/*!40101 SET COLLATION_CONNECTION=@OLD_COLLATION_CONNECTION */;
